model,model_display,timing_mode,system,temperature_K,n_steps,elapsed_seconds,seconds_per_step,milliseconds_per_step,engine,source_file,n_atoms,structure_source_file
esen-30m-oam,eSEN-30M-OAM,Standard,anthracene_293K_Sharma_S,293.0,44000,10174.63,0.231242,231.242,torch-sim-0.5.2,/home/mjgawkowski/Finite-Temperature-MLIP-Benchmark/paper_v2_configs/data/mlip-trajs-torchsim/anthracene_293K_Sharma_S/md_timing_eSEN-30M-OAM.csv,48,/home/mjgawkowski/Finite-Temperature-MLIP-Benchmark/paper_v2_configs/data/mlip-trajs-torchsim/anthracene_293K_Sharma_S/nvt_eSEN-30M-OAM.h5
esen-30m-oam,eSEN-30M-OAM,Standard,bulkAg_600K_Kapil,600.0,22000,6397.79,0.290809,290.80899999999997,torch-sim-0.5.2,/home/mjgawkowski/Finite-Temperature-MLIP-Benchmark/paper_v2_configs/data/mlip-trajs-torchsim/bulkAg_600K_Kapil/md_timing_eSEN-30M-OAM.csv,108,/home/mjgawkowski/Finite-Temperature-MLIP-Benchmark/paper_v2_configs/data/mlip-trajs-torchsim/bulkAg_600K_Kapil/nvt_eSEN-30M-OAM.h5
esen-30m-oam,eSEN-30M-OAM,Standard,bulkCuAu_500K-Artrith_VASP,500.0,22000,8467.25,0.384875,384.875,torch-sim-0.5.2,/home/mjgawkowski/Finite-Temperature-MLIP-Benchmark/paper_v2_configs/data/mlip-trajs-torchsim/bulkCuAu_500K-Artrith_VASP/md_timing_eSEN-30M-OAM.csv,128,/home/mjgawkowski/Finite-Temperature-MLIP-Benchmark/paper_v2_configs/data/mlip-trajs-torchsim/bulkCuAu_500K-Artrith_VASP/nvt_grace-mp.h5
esen-30m-oam,eSEN-30M-OAM,Standard,bulkAu_1500K_Kapil,1500.0,22000,10310.54,0.468661,468.661,torch-sim-0.5.2,/home/mjgawkowski/Finite-Temperature-MLIP-Benchmark/paper_v2_configs/data/mlip-trajs-torchsim/bulkAu_1500K_Kapil/md_timing_eSEN-30M-OAM.csv,192,/home/mjgawkowski/Finite-Temperature-MLIP-Benchmark/paper_v2_configs/data/mlip-trajs-torchsim/bulkAu_1500K_Kapil/nvt_eSEN-30M-OAM.h5
grace-mp,GRACE-2L-MPtrj,Standard,anthracene_293K_Sharma_S,293.0,44000,841.61,0.019127,19.127000000000002,torch-sim-0.6.1+xla-dlpack,/home/mjgawkowski/Finite-Temperature-MLIP-Benchmark/paper_v2_configs/data/mlip-trajs-torchsim/anthracene_293K_Sharma_S/md_timing_grace-mp.csv,48,/home/mjgawkowski/Finite-Temperature-MLIP-Benchmark/paper_v2_configs/data/mlip-trajs-torchsim/anthracene_293K_Sharma_S/nvt_grace-mp.h5
grace-mp,GRACE-2L-MPtrj,Standard,pentacene_295K_Sharma_S,295.0,44000,1389.23,0.031573,31.572999999999997,torch-sim-0.6.1+xla-dlpack,/home/mjgawkowski/Finite-Temperature-MLIP-Benchmark/paper_v2_configs/data/mlip-trajs-torchsim/pentacene_295K_Sharma_S/md_timing_grace-mp.csv,72,/home/mjgawkowski/Finite-Temperature-MLIP-Benchmark/paper_v2_configs/data/mlip-trajs-torchsim/pentacene_295K_Sharma_S/nvt_grace-mp.h5
grace-mp,GRACE-2L-MPtrj,Standard,picene_295K_Sharma_S,295.0,44000,1371.14,0.031162,31.162,torch-sim-0.6.1+xla-dlpack,/home/mjgawkowski/Finite-Temperature-MLIP-Benchmark/paper_v2_configs/data/mlip-trajs-torchsim/picene_295K_Sharma_S/md_timing_grace-mp.csv,72,/home/mjgawkowski/Finite-Temperature-MLIP-Benchmark/paper_v2_configs/data/mlip-trajs-torchsim/picene_295K_Sharma_S/nvt_grace-mp.h5
grace-mp,GRACE-2L-MPtrj,Standard,MAPbBr3_300K_Ivor_VASP,300.0,44000,952.45,0.021646,21.645999999999997,torch-sim-0.6.1+xla-dlpack,/home/mjgawkowski/Finite-Temperature-MLIP-Benchmark/paper_v2_configs/data/mlip-trajs-torchsim/MAPbBr3_300K_Ivor_VASP/md_timing_grace-mp.csv,96,/home/mjgawkowski/Finite-Temperature-MLIP-Benchmark/paper_v2_configs/data/mlip-trajs-torchsim/MAPbBr3_300K_Ivor_VASP/nvt_grace-mp.h5
grace-mp,GRACE-2L-MPtrj,Standard,bulkMoS2_300K_NO-VdW_J.Kioseoglou_VASP,300.0,22000,531.4,0.024155,24.155,torch-sim-0.6.1+xla-dlpack,/home/mjgawkowski/Finite-Temperature-MLIP-Benchmark/paper_v2_configs/data/mlip-trajs-torchsim/bulkMoS2_300K_NO-VdW_J.Kioseoglou_VASP/md_timing_grace-mp.csv,96,/home/mjgawkowski/Finite-Temperature-MLIP-Benchmark/paper_v2_configs/data/mlip-trajs-torchsim/bulkMoS2_300K_NO-VdW_J.Kioseoglou_VASP/nvt_grace-mp.h5
grace-mp,GRACE-2L-MPtrj,Standard,bulkAg_600K_Kapil,600.0,22000,546.18,0.024826,24.826,torch-sim-0.6.1+xla-dlpack,/home/mjgawkowski/Finite-Temperature-MLIP-Benchmark/paper_v2_configs/data/mlip-trajs-torchsim/bulkAg_600K_Kapil/md_timing_grace-mp.csv,108,/home/mjgawkowski/Finite-Temperature-MLIP-Benchmark/paper_v2_configs/data/mlip-trajs-torchsim/bulkAg_600K_Kapil/nvt_grace-mp.h5
grace-mp,GRACE-2L-MPtrj,Standard,bulkCu_1000K_Kapil,1000.0,22000,707.19,0.032145,32.145,torch-sim-0.6.1+xla-dlpack,/home/mjgawkowski/Finite-Temperature-MLIP-Benchmark/paper_v2_configs/data/mlip-trajs-torchsim/bulkCu_1000K_Kapil/md_timing_grace-mp.csv,108,/home/mjgawkowski/Finite-Temperature-MLIP-Benchmark/paper_v2_configs/data/mlip-trajs-torchsim/bulkCu_1000K_Kapil/nvt_grace-mp.h5
grace-mp,GRACE-2L-MPtrj,Standard,bulkPt3Co_300K_J.Kioseoglou_VASP,300.0,22000,706.9,0.032132,32.132,torch-sim-0.6.1+xla-dlpack,/home/mjgawkowski/Finite-Temperature-MLIP-Benchmark/paper_v2_configs/data/mlip-trajs-torchsim/bulkPt3Co_300K_J.Kioseoglou_VASP/md_timing_grace-mp.csv,108,/home/mjgawkowski/Finite-Temperature-MLIP-Benchmark/paper_v2_configs/data/mlip-trajs-torchsim/bulkPt3Co_300K_J.Kioseoglou_VASP/nvt_grace-mp.h5
grace-mp,GRACE-2L-MPtrj,Standard,bulkCuAu_500K-Artrith_VASP,500.0,22000,744.39,0.033836,33.836,torch-sim-0.6.1+xla-dlpack,/home/mjgawkowski/Finite-Temperature-MLIP-Benchmark/paper_v2_configs/data/mlip-trajs-torchsim/bulkCuAu_500K-Artrith_VASP/md_timing_grace-mp.csv,128,/home/mjgawkowski/Finite-Temperature-MLIP-Benchmark/paper_v2_configs/data/mlip-trajs-torchsim/bulkCuAu_500K-Artrith_VASP/nvt_grace-mp.h5
grace-mp,GRACE-2L-MPtrj,Standard,CsSnI3_500K_Ivor_VASP,500.0,22000,497.65,0.022621,22.621,torch-sim-0.6.1+xla-dlpack,/home/mjgawkowski/Finite-Temperature-MLIP-Benchmark/paper_v2_configs/data/mlip-trajs-torchsim/CsSnI3_500K_Ivor_VASP/md_timing_grace-mp.csv,135,/home/mjgawkowski/Finite-Temperature-MLIP-Benchmark/paper_v2_configs/data/mlip-trajs-torchsim/CsSnI3_500K_Ivor_VASP/nvt_grace-mp.h5
grace-mp,GRACE-2L-MPtrj,Standard,naphthalene_295K_Sharma_S,295.0,44000,2239.05,0.050887,50.887,torch-sim-0.6.1+xla-dlpack,/home/mjgawkowski/Finite-Temperature-MLIP-Benchmark/paper_v2_configs/data/mlip-trajs-torchsim/naphthalene_295K_Sharma_S/md_timing_grace-mp.csv,144,/home/mjgawkowski/Finite-Temperature-MLIP-Benchmark/paper_v2_configs/data/mlip-trajs-torchsim/naphthalene_295K_Sharma_S/nvt_grace-mp.h5
grace-mp,GRACE-2L-MPtrj,Standard,bulkCuZrAl_1500K_A.Wadowski-J.Schmidt_VASP,1500.0,22000,732.9,0.033314,33.314,torch-sim-0.6.1+xla-dlpack,/home/mjgawkowski/Finite-Temperature-MLIP-Benchmark/paper_v2_configs/data/mlip-trajs-torchsim/bulkCuZrAl_1500K_A.Wadowski-J.Schmidt_VASP/md_timing_grace-mp.csv,150,/home/mjgawkowski/Finite-Temperature-MLIP-Benchmark/paper_v2_configs/data/mlip-trajs-torchsim/bulkCuZrAl_1500K_A.Wadowski-J.Schmidt_VASP/nvt_grace-mp.h5
grace-mp,GRACE-2L-MPtrj,Standard,bulkAu_1500K_Kapil,1500.0,22000,767.07,0.034867,34.867000000000004,torch-sim-0.6.1+xla-dlpack,/home/mjgawkowski/Finite-Temperature-MLIP-Benchmark/paper_v2_configs/data/mlip-trajs-torchsim/bulkAu_1500K_Kapil/md_timing_grace-mp.csv,192,/home/mjgawkowski/Finite-Temperature-MLIP-Benchmark/paper_v2_configs/data/mlip-trajs-torchsim/bulkAu_1500K_Kapil/nvt_grace-mp.h5
grace-mp,GRACE-2L-MPtrj,Standard,bulkLiMgAlZnSn_600K_J_Schmidt_VASP,600.0,22000,1329.59,0.060436,60.436,torch-sim-0.6.1+xla-dlpack,/home/mjgawkowski/Finite-Temperature-MLIP-Benchmark/paper_v2_configs/data/mlip-trajs-torchsim/bulkLiMgAlZnSn_600K_J_Schmidt_VASP/md_timing_grace-mp.csv,500,/home/mjgawkowski/Finite-Temperature-MLIP-Benchmark/paper_v2_configs/data/mlip-trajs-torchsim/bulkLiMgAlZnSn_600K_J_Schmidt_VASP/nvt_grace-mp.h5
grace-mp,GRACE-2L-MPtrj,Standard,bulkLiMgAlZnSn_900K_J_Schmidt_VASP,900.0,22000,1327.57,0.060344,60.344,torch-sim-0.6.1+xla-dlpack,/home/mjgawkowski/Finite-Temperature-MLIP-Benchmark/paper_v2_configs/data/mlip-trajs-torchsim/bulkLiMgAlZnSn_900K_J_Schmidt_VASP/md_timing_grace-mp.csv,500,/home/mjgawkowski/Finite-Temperature-MLIP-Benchmark/paper_v2_configs/data/mlip-trajs-torchsim/bulkLiMgAlZnSn_900K_J_Schmidt_VASP/nvt_grace-mp.h5
grace-mp,GRACE-2L-MPtrj,Standard,H_1050K_Rupp_QE,1050.0,110000,47186.29,0.428966,428.966,torch-sim-0.6.1+xla-dlpack,/home/mjgawkowski/Finite-Temperature-MLIP-Benchmark/paper_v2_configs/data/mlip-trajs-torchsim/H_1050K_Rupp_QE/md_timing_grace-mp.csv,512,/home/mjgawkowski/Finite-Temperature-MLIP-Benchmark/paper_v2_configs/data/mlip-trajs-torchsim/H_1050K_Rupp_QE/nvt_grace-mp.h5
grace-oam,GRACE-2L-OAM,Standard,anthracene_293K_Sharma_S,293.0,16000,192.77,0.012048,12.048,torch-sim-0.6.1+xla-dlpack,/home/mjgawkowski/Finite-Temperature-MLIP-Benchmark/paper_v2_configs/data/mlip-trajs-torchsim/anthracene_293K_Sharma_S/md_timing_grace-oam.csv,48,/home/mjgawkowski/Finite-Temperature-MLIP-Benchmark/paper_v2_configs/data/mlip-trajs-torchsim/anthracene_293K_Sharma_S/nvt_grace-oam.h5
grace-oam,GRACE-2L-OAM,Standard,tetracene_295K_Sharma_S,295.0,16000,243.65,0.015228,15.228,torch-sim-0.6.1+xla-dlpack,/home/mjgawkowski/Finite-Temperature-MLIP-Benchmark/paper_v2_configs/data/mlip-trajs-torchsim/tetracene_295K_Sharma_S/md_timing_grace-oam.csv,60,/home/mjgawkowski/Finite-Temperature-MLIP-Benchmark/paper_v2_configs/data/mlip-trajs-torchsim/tetracene_295K_Sharma_S/nvt_grace-oam.h5
grace-oam,GRACE-2L-OAM,Standard,pentacene_295K_Sharma_S,295.0,15579,271.16,0.017405,17.405,torch-sim-0.6.1+xla-dlpack,/home/mjgawkowski/Finite-Temperature-MLIP-Benchmark/paper_v2_configs/data/mlip-trajs-torchsim/pentacene_295K_Sharma_S/md_timing_grace-oam.csv,72,/home/mjgawkowski/Finite-Temperature-MLIP-Benchmark/paper_v2_configs/data/mlip-trajs-torchsim/pentacene_295K_Sharma_S/nvt_grace-oam.h5
grace-oam,GRACE-2L-OAM,Standard,picene_295K_Sharma_S,295.0,14151,240.06,0.016964,16.964,torch-sim-0.6.1+xla-dlpack,/home/mjgawkowski/Finite-Temperature-MLIP-Benchmark/paper_v2_configs/data/mlip-trajs-torchsim/picene_295K_Sharma_S/md_timing_grace-oam.csv,72,/home/mjgawkowski/Finite-Temperature-MLIP-Benchmark/paper_v2_configs/data/mlip-trajs-torchsim/picene_295K_Sharma_S/nvt_grace-oam.h5
grace-oam,GRACE-2L-OAM,Standard,MAPbBr3_300K_Ivor_VASP,300.0,60000,908.56,0.015143,15.143,torch-sim-0.6.1+xla-dlpack,/home/mjgawkowski/Finite-Temperature-MLIP-Benchmark/paper_v2_configs/data/mlip-trajs-torchsim/MAPbBr3_300K_Ivor_VASP/md_timing_grace-oam.csv,96,/home/mjgawkowski/Finite-Temperature-MLIP-Benchmark/paper_v2_configs/data/mlip-trajs-torchsim/MAPbBr3_300K_Ivor_VASP/nvt_grace-oam.h5
grace-oam,GRACE-2L-OAM,Standard,bulkMoS2_300K_NO-VdW_J.Kioseoglou_VASP,300.0,20000,299.11,0.014955,14.955,torch-sim-0.6.1+xla-dlpack,/home/mjgawkowski/Finite-Temperature-MLIP-Benchmark/paper_v2_configs/data/mlip-trajs-torchsim/bulkMoS2_300K_NO-VdW_J.Kioseoglou_VASP/md_timing_grace-oam.csv,96,/home/mjgawkowski/Finite-Temperature-MLIP-Benchmark/paper_v2_configs/data/mlip-trajs-torchsim/bulkMoS2_300K_NO-VdW_J.Kioseoglou_VASP/nvt_grace-oam.h5
grace-oam,GRACE-2L-OAM,Standard,TiSe2_400K_Ivor_VASP,400.0,14716,228.41,0.015521,15.521,torch-sim-0.6.1+xla-dlpack,/home/mjgawkowski/Finite-Temperature-MLIP-Benchmark/paper_v2_configs/data/mlip-trajs-torchsim/TiSe2_400K_Ivor_VASP/md_timing_grace-oam.csv,108,/home/mjgawkowski/Finite-Temperature-MLIP-Benchmark/paper_v2_configs/data/mlip-trajs-torchsim/TiSe2_400K_Ivor_VASP/nvt_grace-oam.h5
grace-oam,GRACE-2L-OAM,Standard,bulkAg_600K_Kapil,600.0,24881,385.06,0.015476,15.476,torch-sim-0.6.1+xla-dlpack,/home/mjgawkowski/Finite-Temperature-MLIP-Benchmark/paper_v2_configs/data/mlip-trajs-torchsim/bulkAg_600K_Kapil/md_timing_grace-oam.csv,108,/home/mjgawkowski/Finite-Temperature-MLIP-Benchmark/paper_v2_configs/data/mlip-trajs-torchsim/bulkAg_600K_Kapil/nvt_grace-oam.h5
grace-oam,GRACE-2L-OAM,Standard,bulkCu_1000K_Kapil,1000.0,36007,612.59,0.017013,17.013,torch-sim-0.6.1+xla-dlpack,/home/mjgawkowski/Finite-Temperature-MLIP-Benchmark/paper_v2_configs/data/mlip-trajs-torchsim/bulkCu_1000K_Kapil/md_timing_grace-oam.csv,108,/home/mjgawkowski/Finite-Temperature-MLIP-Benchmark/paper_v2_configs/data/mlip-trajs-torchsim/bulkCu_1000K_Kapil/nvt_grace-oam.h5
grace-oam,GRACE-2L-OAM,Standard,bulkPt3Co_300K_J.Kioseoglou_VASP,300.0,20927,359.75,0.017191,17.191000000000003,torch-sim-0.6.1+xla-dlpack,/home/mjgawkowski/Finite-Temperature-MLIP-Benchmark/paper_v2_configs/data/mlip-trajs-torchsim/bulkPt3Co_300K_J.Kioseoglou_VASP/md_timing_grace-oam.csv,108,/home/mjgawkowski/Finite-Temperature-MLIP-Benchmark/paper_v2_configs/data/mlip-trajs-torchsim/bulkPt3Co_300K_J.Kioseoglou_VASP/nvt_grace-oam.h5
grace-oam,GRACE-2L-OAM,Standard,bulkCuAu_500K-Artrith_VASP,500.0,1105,20.35,0.018414,18.414,torch-sim-0.6.1+xla-dlpack,/home/mjgawkowski/Finite-Temperature-MLIP-Benchmark/paper_v2_configs/data/mlip-trajs-torchsim/bulkCuAu_500K-Artrith_VASP/md_timing_grace-oam.csv,128,/home/mjgawkowski/Finite-Temperature-MLIP-Benchmark/paper_v2_configs/data/mlip-trajs-torchsim/bulkCuAu_500K-Artrith_VASP/nvt_grace-oam.h5
grace-oam,GRACE-2L-OAM,Standard,CsSnI3_500K_Ivor_VASP,500.0,14758,238.37,0.016152,16.152,torch-sim-0.6.1+xla-dlpack,/home/mjgawkowski/Finite-Temperature-MLIP-Benchmark/paper_v2_configs/data/mlip-trajs-torchsim/CsSnI3_500K_Ivor_VASP/md_timing_grace-oam.csv,135,/home/mjgawkowski/Finite-Temperature-MLIP-Benchmark/paper_v2_configs/data/mlip-trajs-torchsim/CsSnI3_500K_Ivor_VASP/nvt_grace-oam.h5
grace-oam,GRACE-2L-OAM,Standard,naphthalene_295K_Sharma_S,295.0,7557,188.6,0.024957,24.957,torch-sim-0.6.1+xla-dlpack,/home/mjgawkowski/Finite-Temperature-MLIP-Benchmark/paper_v2_configs/data/mlip-trajs-torchsim/naphthalene_295K_Sharma_S/md_timing_grace-oam.csv,144,/home/mjgawkowski/Finite-Temperature-MLIP-Benchmark/paper_v2_configs/data/mlip-trajs-torchsim/naphthalene_295K_Sharma_S/nvt_grace-oam.h5
grace-oam,GRACE-2L-OAM,Standard,bulkCuZrAl_1500K_A.Wadowski-J.Schmidt_VASP,1500.0,2718,48.78,0.017946,17.946,torch-sim-0.6.1+xla-dlpack,/home/mjgawkowski/Finite-Temperature-MLIP-Benchmark/paper_v2_configs/data/mlip-trajs-torchsim/bulkCuZrAl_1500K_A.Wadowski-J.Schmidt_VASP/md_timing_grace-oam.csv,150,/home/mjgawkowski/Finite-Temperature-MLIP-Benchmark/paper_v2_configs/data/mlip-trajs-torchsim/bulkCuZrAl_1500K_A.Wadowski-J.Schmidt_VASP/nvt_grace-oam.h5
grace-oam,GRACE-2L-OAM,Standard,bulkAu_1500K_Kapil,1500.0,20162,376.71,0.018684,18.683999999999997,torch-sim-0.6.1+xla-dlpack,/home/mjgawkowski/Finite-Temperature-MLIP-Benchmark/paper_v2_configs/data/mlip-trajs-torchsim/bulkAu_1500K_Kapil/md_timing_grace-oam.csv,192,/home/mjgawkowski/Finite-Temperature-MLIP-Benchmark/paper_v2_configs/data/mlip-trajs-torchsim/bulkAu_1500K_Kapil/nvt_grace-oam.h5
grace-oam,GRACE-2L-OAM,Standard,bulkLiMgAlZnSn_600K_J_Schmidt_VASP,600.0,3015,92.61,0.030715,30.715,torch-sim-0.6.1+xla-dlpack,/home/mjgawkowski/Finite-Temperature-MLIP-Benchmark/paper_v2_configs/data/mlip-trajs-torchsim/bulkLiMgAlZnSn_600K_J_Schmidt_VASP/md_timing_grace-oam.csv,500,/home/mjgawkowski/Finite-Temperature-MLIP-Benchmark/paper_v2_configs/data/mlip-trajs-torchsim/bulkLiMgAlZnSn_600K_J_Schmidt_VASP/nvt_grace-oam.h5
grace-oam,GRACE-2L-OAM,Standard,bulkLiMgAlZnSn_900K_J_Schmidt_VASP,900.0,2181,66.94,0.03069,30.689999999999998,torch-sim-0.6.1+xla-dlpack,/home/mjgawkowski/Finite-Temperature-MLIP-Benchmark/paper_v2_configs/data/mlip-trajs-torchsim/bulkLiMgAlZnSn_900K_J_Schmidt_VASP/md_timing_grace-oam.csv,500,/home/mjgawkowski/Finite-Temperature-MLIP-Benchmark/paper_v2_configs/data/mlip-trajs-torchsim/bulkLiMgAlZnSn_900K_J_Schmidt_VASP/nvt_grace-oam.h5
grace-oam,GRACE-2L-OAM,Standard,H_1050K_Rupp_QE,1050.0,1784,269.27,0.150935,150.935,torch-sim-0.6.1+xla-dlpack,/home/mjgawkowski/Finite-Temperature-MLIP-Benchmark/paper_v2_configs/data/mlip-trajs-torchsim/H_1050K_Rupp_QE/md_timing_grace-oam.csv,512,/home/mjgawkowski/Finite-Temperature-MLIP-Benchmark/paper_v2_configs/data/mlip-trajs-torchsim/H_1050K_Rupp_QE/nvt_grace-oam.h5
mace-mh-omat,MACE-MH-1-OMAT,Standard,anthracene_293K_Sharma_S,293.0,44000,1544.48,0.035102,35.102000000000004,torch-sim-0.6.1,/home/mjgawkowski/Finite-Temperature-MLIP-Benchmark/paper_v2_configs/data/mlip-trajs-torchsim/anthracene_293K_Sharma_S/md_timing_mace-mh-omat.csv,48,/home/mjgawkowski/Finite-Temperature-MLIP-Benchmark/paper_v2_configs/data/mlip-trajs-torchsim/anthracene_293K_Sharma_S/nvt_mace-mh-omat.h5
mace-mh-omat,MACE-MH-1-OMAT,Standard,tetracene_295K_Sharma_S,295.0,44000,1776.29,0.04037,40.370000000000005,torch-sim-0.6.1,/home/mjgawkowski/Finite-Temperature-MLIP-Benchmark/paper_v2_configs/data/mlip-trajs-torchsim/tetracene_295K_Sharma_S/md_timing_mace-mh-omat.csv,60,/home/mjgawkowski/Finite-Temperature-MLIP-Benchmark/paper_v2_configs/data/mlip-trajs-torchsim/tetracene_295K_Sharma_S/nvt_mace-mh-omat.h5
mace-mh-omat,MACE-MH-1-OMAT,Standard,pentacene_295K_Sharma_S,295.0,44000,1981.16,0.045026,45.025999999999996,torch-sim-0.6.1,/home/mjgawkowski/Finite-Temperature-MLIP-Benchmark/paper_v2_configs/data/mlip-trajs-torchsim/pentacene_295K_Sharma_S/md_timing_mace-mh-omat.csv,72,/home/mjgawkowski/Finite-Temperature-MLIP-Benchmark/paper_v2_configs/data/mlip-trajs-torchsim/pentacene_295K_Sharma_S/nvt_mace-mh-omat.h5
mace-mh-omat,MACE-MH-1-OMAT,Standard,picene_295K_Sharma_S,295.0,44000,1967.84,0.044724,44.724,torch-sim-0.6.1,/home/mjgawkowski/Finite-Temperature-MLIP-Benchmark/paper_v2_configs/data/mlip-trajs-torchsim/picene_295K_Sharma_S/md_timing_mace-mh-omat.csv,72,/home/mjgawkowski/Finite-Temperature-MLIP-Benchmark/paper_v2_configs/data/mlip-trajs-torchsim/picene_295K_Sharma_S/nvt_mace-mh-omat.h5
mace-mh-omat,MACE-MH-1-OMAT,Standard,MAPbBr3_300K_Ivor_VASP,300.0,44000,1902.86,0.043247,43.247,torch-sim-0.6.1,/home/mjgawkowski/Finite-Temperature-MLIP-Benchmark/paper_v2_configs/data/mlip-trajs-torchsim/MAPbBr3_300K_Ivor_VASP/md_timing_mace-mh-omat.csv,96,/home/mjgawkowski/Finite-Temperature-MLIP-Benchmark/paper_v2_configs/data/mlip-trajs-torchsim/MAPbBr3_300K_Ivor_VASP/nvt_mace-mh-omat.h5
mace-mh-omat,MACE-MH-1-OMAT,Standard,bulkMoS2_300K_NO-VdW_J.Kioseoglou_VASP,300.0,22000,942.68,0.042849,42.849,torch-sim-0.6.1,/home/mjgawkowski/Finite-Temperature-MLIP-Benchmark/paper_v2_configs/data/mlip-trajs-torchsim/bulkMoS2_300K_NO-VdW_J.Kioseoglou_VASP/md_timing_mace-mh-omat.csv,96,/home/mjgawkowski/Finite-Temperature-MLIP-Benchmark/paper_v2_configs/data/mlip-trajs-torchsim/bulkMoS2_300K_NO-VdW_J.Kioseoglou_VASP/nvt_mace-mh-omat.h5
mace-mh-omat,MACE-MH-1-OMAT,Standard,Pt111w24H2O_380K_Heenen_VASP,380.0,22000,1051.4,0.047791,47.791,torch-sim-0.6.1,/home/mjgawkowski/Finite-Temperature-MLIP-Benchmark/paper_v2_configs/data/mlip-trajs-torchsim/Pt111w24H2O_380K_Heenen_VASP/md_timing_mace-mh-omat.csv,108,/home/mjgawkowski/Finite-Temperature-MLIP-Benchmark/paper_v2_configs/data/mlip-trajs-torchsim/Pt111w24H2O_380K_Heenen_VASP/nvt_mace-mh-omat.h5
mace-mh-omat,MACE-MH-1-OMAT,Standard,TiSe2_400K_Ivor_VASP,400.0,22000,920.1,0.041823,41.823,torch-sim-0.6.1,/home/mjgawkowski/Finite-Temperature-MLIP-Benchmark/paper_v2_configs/data/mlip-trajs-torchsim/TiSe2_400K_Ivor_VASP/md_timing_mace-mh-omat.csv,108,/home/mjgawkowski/Finite-Temperature-MLIP-Benchmark/paper_v2_configs/data/mlip-trajs-torchsim/TiSe2_400K_Ivor_VASP/nvt_mace-mh-omat.h5
mace-mh-omat,MACE-MH-1-OMAT,Standard,bulkAg_600K_Kapil,600.0,22000,1055.73,0.047988,47.988,torch-sim-0.6.1,/home/mjgawkowski/Finite-Temperature-MLIP-Benchmark/paper_v2_configs/data/mlip-trajs-torchsim/bulkAg_600K_Kapil/md_timing_mace-mh-omat.csv,108,/home/mjgawkowski/Finite-Temperature-MLIP-Benchmark/paper_v2_configs/data/mlip-trajs-torchsim/bulkAg_600K_Kapil/nvt_mace-mh-omat.h5
mace-mh-omat,MACE-MH-1-OMAT,Standard,bulkCu_1000K_Kapil,1000.0,22000,1152.14,0.05237,52.37,torch-sim-0.6.1,/home/mjgawkowski/Finite-Temperature-MLIP-Benchmark/paper_v2_configs/data/mlip-trajs-torchsim/bulkCu_1000K_Kapil/md_timing_mace-mh-omat.csv,108,/home/mjgawkowski/Finite-Temperature-MLIP-Benchmark/paper_v2_configs/data/mlip-trajs-torchsim/bulkCu_1000K_Kapil/nvt_mace-mh-omat.h5
mace-mh-omat,MACE-MH-1-OMAT,Standard,bulkPt3Co_300K_J.Kioseoglou_VASP,300.0,22000,1063.53,0.048342,48.342000000000006,torch-sim-0.6.1,/home/mjgawkowski/Finite-Temperature-MLIP-Benchmark/paper_v2_configs/data/mlip-trajs-torchsim/bulkPt3Co_300K_J.Kioseoglou_VASP/md_timing_mace-mh-omat.csv,108,/home/mjgawkowski/Finite-Temperature-MLIP-Benchmark/paper_v2_configs/data/mlip-trajs-torchsim/bulkPt3Co_300K_J.Kioseoglou_VASP/nvt_mace-mh-omat.h5
mace-mh-omat,MACE-MH-1-OMAT,Standard,bulkCuAu_500K-Artrith_VASP,500.0,22000,1228.91,0.05586,55.86,torch-sim-0.6.1,/home/mjgawkowski/Finite-Temperature-MLIP-Benchmark/paper_v2_configs/data/mlip-trajs-torchsim/bulkCuAu_500K-Artrith_VASP/md_timing_mace-mh-omat.csv,128,/home/mjgawkowski/Finite-Temperature-MLIP-Benchmark/paper_v2_configs/data/mlip-trajs-torchsim/bulkCuAu_500K-Artrith_VASP/nvt_mace-mh-omat.h5
mace-mh-omat,MACE-MH-1-OMAT,Standard,CsSnI3_500K_Ivor_VASP,500.0,22000,1013.68,0.046076,46.076,torch-sim-0.6.1,/home/mjgawkowski/Finite-Temperature-MLIP-Benchmark/paper_v2_configs/data/mlip-trajs-torchsim/CsSnI3_500K_Ivor_VASP/md_timing_mace-mh-omat.csv,135,/home/mjgawkowski/Finite-Temperature-MLIP-Benchmark/paper_v2_configs/data/mlip-trajs-torchsim/CsSnI3_500K_Ivor_VASP/nvt_mace-mh-omat.h5
mace-mh-omat,MACE-MH-1-OMAT,Standard,naphthalene_295K_Sharma_S,295.0,44000,3168.4,0.072009,72.009,torch-sim-0.6.1,/home/mjgawkowski/Finite-Temperature-MLIP-Benchmark/paper_v2_configs/data/mlip-trajs-torchsim/naphthalene_295K_Sharma_S/md_timing_mace-mh-omat.csv,144,/home/mjgawkowski/Finite-Temperature-MLIP-Benchmark/paper_v2_configs/data/mlip-trajs-torchsim/naphthalene_295K_Sharma_S/nvt_mace-mh-omat.h5
mace-mh-omat,MACE-MH-1-OMAT,Standard,bulkCuZrAl_1500K_A.Wadowski-J.Schmidt_VASP,1500.0,22000,1365.08,0.062049,62.049,torch-sim-0.6.1,/home/mjgawkowski/Finite-Temperature-MLIP-Benchmark/paper_v2_configs/data/mlip-trajs-torchsim/bulkCuZrAl_1500K_A.Wadowski-J.Schmidt_VASP/md_timing_mace-mh-omat.csv,150,/home/mjgawkowski/Finite-Temperature-MLIP-Benchmark/paper_v2_configs/data/mlip-trajs-torchsim/bulkCuZrAl_1500K_A.Wadowski-J.Schmidt_VASP/nvt_mace-mh-omat.h5
mace-mh-omat,MACE-MH-1-OMAT,Standard,bulkAu_1500K_Kapil,1500.0,22000,1594.88,0.072495,72.495,torch-sim-0.6.1,/home/mjgawkowski/Finite-Temperature-MLIP-Benchmark/paper_v2_configs/data/mlip-trajs-torchsim/bulkAu_1500K_Kapil/md_timing_mace-mh-omat.csv,192,/home/mjgawkowski/Finite-Temperature-MLIP-Benchmark/paper_v2_configs/data/mlip-trajs-torchsim/bulkAu_1500K_Kapil/nvt_mace-mh-omat.h5
mace-mh-omat,MACE-MH-1-OMAT,Standard,bulkLiMgAlZnSn_600K_J_Schmidt_VASP,600.0,22000,3478.03,0.158092,158.092,torch-sim-0.6.1,/home/mjgawkowski/Finite-Temperature-MLIP-Benchmark/paper_v2_configs/data/mlip-trajs-torchsim/bulkLiMgAlZnSn_600K_J_Schmidt_VASP/md_timing_mace-mh-omat.csv,500,/home/mjgawkowski/Finite-Temperature-MLIP-Benchmark/paper_v2_configs/data/mlip-trajs-torchsim/bulkLiMgAlZnSn_600K_J_Schmidt_VASP/nvt_mace-mh-omat.h5
mace-mh-omat,MACE-MH-1-OMAT,Standard,bulkLiMgAlZnSn_900K_J_Schmidt_VASP,900.0,22000,3472.46,0.157839,157.839,torch-sim-0.6.1,/home/mjgawkowski/Finite-Temperature-MLIP-Benchmark/paper_v2_configs/data/mlip-trajs-torchsim/bulkLiMgAlZnSn_900K_J_Schmidt_VASP/md_timing_mace-mh-omat.csv,500,/home/mjgawkowski/Finite-Temperature-MLIP-Benchmark/paper_v2_configs/data/mlip-trajs-torchsim/bulkLiMgAlZnSn_900K_J_Schmidt_VASP/nvt_mace-mh-omat.h5
mace-mp-0,MACE-MP-0,Accelerated,anthracene_293K_Sharma_S,293.0,16000,478.17,0.029885,29.884999999999998,torch-sim-0.6.1+cueq,/home/mjgawkowski/Finite-Temperature-MLIP-Benchmark/paper_v2_configs/data/mlip-trajs-torchsim-accelerated/anthracene_293K_Sharma_S/md_timing_mace-mp-0.csv,48,/home/mjgawkowski/Finite-Temperature-MLIP-Benchmark/paper_v2_configs/data/mlip-trajs-torchsim-accelerated/anthracene_293K_Sharma_S/nvt_mace-mp-0.h5
mace-mp-0,MACE-MP-0,Accelerated,tetracene_295K_Sharma_S,295.0,16000,489.2,0.030575,30.575000000000003,torch-sim-0.6.1+cueq,/home/mjgawkowski/Finite-Temperature-MLIP-Benchmark/paper_v2_configs/data/mlip-trajs-torchsim-accelerated/tetracene_295K_Sharma_S/md_timing_mace-mp-0.csv,60,/home/mjgawkowski/Finite-Temperature-MLIP-Benchmark/paper_v2_configs/data/mlip-trajs-torchsim-accelerated/tetracene_295K_Sharma_S/nvt_mace-mp-0.h5
mace-mp-0,MACE-MP-0,Accelerated,pentacene_295K_Sharma_S,295.0,15579,497.62,0.031942,31.941999999999997,torch-sim-0.6.1+cueq,/home/mjgawkowski/Finite-Temperature-MLIP-Benchmark/paper_v2_configs/data/mlip-trajs-torchsim-accelerated/pentacene_295K_Sharma_S/md_timing_mace-mp-0.csv,72,/home/mjgawkowski/Finite-Temperature-MLIP-Benchmark/paper_v2_configs/data/mlip-trajs-torchsim-accelerated/pentacene_295K_Sharma_S/nvt_mace-mp-0.h5
mace-mp-0,MACE-MP-0,Accelerated,picene_295K_Sharma_S,295.0,14151,456.05,0.032228,32.228,torch-sim-0.6.1+cueq,/home/mjgawkowski/Finite-Temperature-MLIP-Benchmark/paper_v2_configs/data/mlip-trajs-torchsim-accelerated/picene_295K_Sharma_S/md_timing_mace-mp-0.csv,72,/home/mjgawkowski/Finite-Temperature-MLIP-Benchmark/paper_v2_configs/data/mlip-trajs-torchsim-accelerated/picene_295K_Sharma_S/nvt_mace-mp-0.h5
mace-mp-0,MACE-MP-0,Accelerated,MAPbBr3_300K_Ivor_VASP,300.0,60000,1909.48,0.031825,31.825,torch-sim-0.6.1+cueq,/home/mjgawkowski/Finite-Temperature-MLIP-Benchmark/paper_v2_configs/data/mlip-trajs-torchsim-accelerated/MAPbBr3_300K_Ivor_VASP/md_timing_mace-mp-0.csv,96,/home/mjgawkowski/Finite-Temperature-MLIP-Benchmark/paper_v2_configs/data/mlip-trajs-torchsim-accelerated/MAPbBr3_300K_Ivor_VASP/nvt_mace-mp-0.h5
mace-mp-0,MACE-MP-0,Accelerated,bulkMoS2_300K_NO-VdW_J.Kioseoglou_VASP,300.0,20000,608.4,0.03042,30.419999999999998,torch-sim-0.6.1+cueq,/home/mjgawkowski/Finite-Temperature-MLIP-Benchmark/paper_v2_configs/data/mlip-trajs-torchsim-accelerated/bulkMoS2_300K_NO-VdW_J.Kioseoglou_VASP/md_timing_mace-mp-0.csv,96,/home/mjgawkowski/Finite-Temperature-MLIP-Benchmark/paper_v2_configs/data/mlip-trajs-torchsim-accelerated/bulkMoS2_300K_NO-VdW_J.Kioseoglou_VASP/nvt_mace-mp-0.h5
mace-mp-0,MACE-MP-0,Accelerated,Pt111w24H2O_380K_Heenen_VASP,380.0,3843,118.3,0.030782,30.782,torch-sim-0.6.1+cueq,/home/mjgawkowski/Finite-Temperature-MLIP-Benchmark/paper_v2_configs/data/mlip-trajs-torchsim-accelerated/Pt111w24H2O_380K_Heenen_VASP/md_timing_mace-mp-0.csv,108,/home/mjgawkowski/Finite-Temperature-MLIP-Benchmark/paper_v2_configs/data/mlip-trajs-torchsim-accelerated/Pt111w24H2O_380K_Heenen_VASP/nvt_mace-mp-0.h5
mace-mp-0,MACE-MP-0,Accelerated,TiSe2_400K_Ivor_VASP,400.0,14716,432.46,0.029387,29.387,torch-sim-0.6.1+cueq,/home/mjgawkowski/Finite-Temperature-MLIP-Benchmark/paper_v2_configs/data/mlip-trajs-torchsim-accelerated/TiSe2_400K_Ivor_VASP/md_timing_mace-mp-0.csv,108,/home/mjgawkowski/Finite-Temperature-MLIP-Benchmark/paper_v2_configs/data/mlip-trajs-torchsim-accelerated/TiSe2_400K_Ivor_VASP/nvt_mace-mp-0.h5
mace-mp-0,MACE-MP-0,Accelerated,bulkAg_600K_Kapil,600.0,24881,761.99,0.030625,30.625,torch-sim-0.6.1+cueq,/home/mjgawkowski/Finite-Temperature-MLIP-Benchmark/paper_v2_configs/data/mlip-trajs-torchsim-accelerated/bulkAg_600K_Kapil/md_timing_mace-mp-0.csv,108,/home/mjgawkowski/Finite-Temperature-MLIP-Benchmark/paper_v2_configs/data/mlip-trajs-torchsim-accelerated/bulkAg_600K_Kapil/nvt_mace-mp-0.h5
mace-mp-0,MACE-MP-0,Accelerated,bulkCu_1000K_Kapil,1000.0,36007,1099.97,0.030549,30.549,torch-sim-0.6.1+cueq,/home/mjgawkowski/Finite-Temperature-MLIP-Benchmark/paper_v2_configs/data/mlip-trajs-torchsim-accelerated/bulkCu_1000K_Kapil/md_timing_mace-mp-0.csv,108,/home/mjgawkowski/Finite-Temperature-MLIP-Benchmark/paper_v2_configs/data/mlip-trajs-torchsim-accelerated/bulkCu_1000K_Kapil/nvt_mace-mp-0.h5
mace-mp-0,MACE-MP-0,Accelerated,bulkPt3Co_300K_J.Kioseoglou_VASP,300.0,20927,634.85,0.030336,30.336,torch-sim-0.6.1+cueq,/home/mjgawkowski/Finite-Temperature-MLIP-Benchmark/paper_v2_configs/data/mlip-trajs-torchsim-accelerated/bulkPt3Co_300K_J.Kioseoglou_VASP/md_timing_mace-mp-0.csv,108,/home/mjgawkowski/Finite-Temperature-MLIP-Benchmark/paper_v2_configs/data/mlip-trajs-torchsim-accelerated/bulkPt3Co_300K_J.Kioseoglou_VASP/nvt_mace-mp-0.h5
mace-mp-0,MACE-MP-0,Accelerated,bulkCuAu_500K-Artrith_VASP,500.0,1105,34.32,0.031055,31.055,torch-sim-0.6.1+cueq,/home/mjgawkowski/Finite-Temperature-MLIP-Benchmark/paper_v2_configs/data/mlip-trajs-torchsim-accelerated/bulkCuAu_500K-Artrith_VASP/md_timing_mace-mp-0.csv,128,/home/mjgawkowski/Finite-Temperature-MLIP-Benchmark/paper_v2_configs/data/mlip-trajs-torchsim-accelerated/bulkCuAu_500K-Artrith_VASP/nvt_mace-mp-0.h5
mace-mp-0,MACE-MP-0,Accelerated,CsSnI3_500K_Ivor_VASP,500.0,14758,471.97,0.031981,31.981,torch-sim-0.6.1+cueq,/home/mjgawkowski/Finite-Temperature-MLIP-Benchmark/paper_v2_configs/data/mlip-trajs-torchsim-accelerated/CsSnI3_500K_Ivor_VASP/md_timing_mace-mp-0.csv,135,/home/mjgawkowski/Finite-Temperature-MLIP-Benchmark/paper_v2_configs/data/mlip-trajs-torchsim-accelerated/CsSnI3_500K_Ivor_VASP/nvt_mace-mp-0.h5
mace-mp-0,MACE-MP-0,Accelerated,naphthalene_295K_Sharma_S,295.0,7557,255.66,0.033831,33.831,torch-sim-0.6.1+cueq,/home/mjgawkowski/Finite-Temperature-MLIP-Benchmark/paper_v2_configs/data/mlip-trajs-torchsim-accelerated/naphthalene_295K_Sharma_S/md_timing_mace-mp-0.csv,144,/home/mjgawkowski/Finite-Temperature-MLIP-Benchmark/paper_v2_configs/data/mlip-trajs-torchsim-accelerated/naphthalene_295K_Sharma_S/nvt_mace-mp-0.h5
mace-mp-0,MACE-MP-0,Accelerated,bulkCuZrAl_1500K_A.Wadowski-J.Schmidt_VASP,1500.0,2718,81.05,0.029821,29.821,torch-sim-0.6.1+cueq,/home/mjgawkowski/Finite-Temperature-MLIP-Benchmark/paper_v2_configs/data/mlip-trajs-torchsim-accelerated/bulkCuZrAl_1500K_A.Wadowski-J.Schmidt_VASP/md_timing_mace-mp-0.csv,150,/home/mjgawkowski/Finite-Temperature-MLIP-Benchmark/paper_v2_configs/data/mlip-trajs-torchsim-accelerated/bulkCuZrAl_1500K_A.Wadowski-J.Schmidt_VASP/nvt_mace-mp-0.h5
mace-mp-0,MACE-MP-0,Accelerated,bulkAu_1500K_Kapil,1500.0,20162,627.46,0.031121,31.121,torch-sim-0.6.1+cueq,/home/mjgawkowski/Finite-Temperature-MLIP-Benchmark/paper_v2_configs/data/mlip-trajs-torchsim-accelerated/bulkAu_1500K_Kapil/md_timing_mace-mp-0.csv,192,/home/mjgawkowski/Finite-Temperature-MLIP-Benchmark/paper_v2_configs/data/mlip-trajs-torchsim-accelerated/bulkAu_1500K_Kapil/nvt_mace-mp-0.h5
mace-mp-0,MACE-MP-0,Accelerated,bulkLiMgAlZnSn_600K_J_Schmidt_VASP,600.0,3015,95.67,0.031732,31.732000000000003,torch-sim-0.6.1+cueq,/home/mjgawkowski/Finite-Temperature-MLIP-Benchmark/paper_v2_configs/data/mlip-trajs-torchsim-accelerated/bulkLiMgAlZnSn_600K_J_Schmidt_VASP/md_timing_mace-mp-0.csv,500,/home/mjgawkowski/Finite-Temperature-MLIP-Benchmark/paper_v2_configs/data/mlip-trajs-torchsim-accelerated/bulkLiMgAlZnSn_600K_J_Schmidt_VASP/nvt_mace-mp-0.h5
mace-mp-0,MACE-MP-0,Accelerated,bulkLiMgAlZnSn_900K_J_Schmidt_VASP,900.0,2181,69.37,0.031804,31.804,torch-sim-0.6.1+cueq,/home/mjgawkowski/Finite-Temperature-MLIP-Benchmark/paper_v2_configs/data/mlip-trajs-torchsim-accelerated/bulkLiMgAlZnSn_900K_J_Schmidt_VASP/md_timing_mace-mp-0.csv,500,/home/mjgawkowski/Finite-Temperature-MLIP-Benchmark/paper_v2_configs/data/mlip-trajs-torchsim-accelerated/bulkLiMgAlZnSn_900K_J_Schmidt_VASP/nvt_mace-mp-0.h5
mace-mp-0,MACE-MP-0,Standard,anthracene_293K_Sharma_S,293.0,16000,379.06,0.023691,23.691,torch-sim-0.6.1,/home/mjgawkowski/Finite-Temperature-MLIP-Benchmark/paper_v2_configs/data/mlip-trajs-torchsim/anthracene_293K_Sharma_S/md_timing_mace-mp-0.csv,48,/home/mjgawkowski/Finite-Temperature-MLIP-Benchmark/paper_v2_configs/data/mlip-trajs-torchsim/anthracene_293K_Sharma_S/nvt_mace-mp-0.h5
mace-mp-0,MACE-MP-0,Standard,tetracene_295K_Sharma_S,295.0,16000,466.25,0.029141,29.141000000000002,torch-sim-0.6.1,/home/mjgawkowski/Finite-Temperature-MLIP-Benchmark/paper_v2_configs/data/mlip-trajs-torchsim/tetracene_295K_Sharma_S/md_timing_mace-mp-0.csv,60,/home/mjgawkowski/Finite-Temperature-MLIP-Benchmark/paper_v2_configs/data/mlip-trajs-torchsim/tetracene_295K_Sharma_S/nvt_mace-mp-0.h5
mace-mp-0,MACE-MP-0,Standard,pentacene_295K_Sharma_S,295.0,15579,487.73,0.031307,31.307000000000002,torch-sim-0.6.1,/home/mjgawkowski/Finite-Temperature-MLIP-Benchmark/paper_v2_configs/data/mlip-trajs-torchsim/pentacene_295K_Sharma_S/md_timing_mace-mp-0.csv,72,/home/mjgawkowski/Finite-Temperature-MLIP-Benchmark/paper_v2_configs/data/mlip-trajs-torchsim/pentacene_295K_Sharma_S/nvt_mace-mp-0.h5
mace-mp-0,MACE-MP-0,Standard,picene_295K_Sharma_S,295.0,14151,436.78,0.030866,30.866,torch-sim-0.6.1,/home/mjgawkowski/Finite-Temperature-MLIP-Benchmark/paper_v2_configs/data/mlip-trajs-torchsim/picene_295K_Sharma_S/md_timing_mace-mp-0.csv,72,/home/mjgawkowski/Finite-Temperature-MLIP-Benchmark/paper_v2_configs/data/mlip-trajs-torchsim/picene_295K_Sharma_S/nvt_mace-mp-0.h5
mace-mp-0,MACE-MP-0,Standard,MAPbBr3_300K_Ivor_VASP,300.0,60000,1632.92,0.027215,27.215,torch-sim-0.6.1,/home/mjgawkowski/Finite-Temperature-MLIP-Benchmark/paper_v2_configs/data/mlip-trajs-torchsim/MAPbBr3_300K_Ivor_VASP/md_timing_mace-mp-0.csv,96,/home/mjgawkowski/Finite-Temperature-MLIP-Benchmark/paper_v2_configs/data/mlip-trajs-torchsim/MAPbBr3_300K_Ivor_VASP/nvt_mace-mp-0.h5
mace-mp-0,MACE-MP-0,Standard,bulkMoS2_300K_NO-VdW_J.Kioseoglou_VASP,300.0,20000,528.65,0.026432,26.432000000000002,torch-sim-0.6.1,/home/mjgawkowski/Finite-Temperature-MLIP-Benchmark/paper_v2_configs/data/mlip-trajs-torchsim/bulkMoS2_300K_NO-VdW_J.Kioseoglou_VASP/md_timing_mace-mp-0.csv,96,/home/mjgawkowski/Finite-Temperature-MLIP-Benchmark/paper_v2_configs/data/mlip-trajs-torchsim/bulkMoS2_300K_NO-VdW_J.Kioseoglou_VASP/nvt_mace-mp-0.h5
mace-mp-0,MACE-MP-0,Standard,Pt111w24H2O_380K_Heenen_VASP,380.0,3843,114.38,0.029763,29.763,torch-sim-0.6.1,/home/mjgawkowski/Finite-Temperature-MLIP-Benchmark/paper_v2_configs/data/mlip-trajs-torchsim/Pt111w24H2O_380K_Heenen_VASP/md_timing_mace-mp-0.csv,108,/home/mjgawkowski/Finite-Temperature-MLIP-Benchmark/paper_v2_configs/data/mlip-trajs-torchsim/Pt111w24H2O_380K_Heenen_VASP/nvt_mace-mp-0.h5
mace-mp-0,MACE-MP-0,Standard,TiSe2_400K_Ivor_VASP,400.0,14716,375.68,0.025529,25.529,torch-sim-0.6.1,/home/mjgawkowski/Finite-Temperature-MLIP-Benchmark/paper_v2_configs/data/mlip-trajs-torchsim/TiSe2_400K_Ivor_VASP/md_timing_mace-mp-0.csv,108,/home/mjgawkowski/Finite-Temperature-MLIP-Benchmark/paper_v2_configs/data/mlip-trajs-torchsim/TiSe2_400K_Ivor_VASP/nvt_mace-mp-0.h5
mace-mp-0,MACE-MP-0,Standard,bulkAg_600K_Kapil,600.0,24881,711.58,0.028599,28.599,torch-sim-0.6.1,/home/mjgawkowski/Finite-Temperature-MLIP-Benchmark/paper_v2_configs/data/mlip-trajs-torchsim/bulkAg_600K_Kapil/md_timing_mace-mp-0.csv,108,/home/mjgawkowski/Finite-Temperature-MLIP-Benchmark/paper_v2_configs/data/mlip-trajs-torchsim/bulkAg_600K_Kapil/nvt_mace-mp-0.h5
mace-mp-0,MACE-MP-0,Standard,bulkCu_1000K_Kapil,1000.0,36007,1215.79,0.033765,33.765,torch-sim-0.6.1,/home/mjgawkowski/Finite-Temperature-MLIP-Benchmark/paper_v2_configs/data/mlip-trajs-torchsim/bulkCu_1000K_Kapil/md_timing_mace-mp-0.csv,108,/home/mjgawkowski/Finite-Temperature-MLIP-Benchmark/paper_v2_configs/data/mlip-trajs-torchsim/bulkCu_1000K_Kapil/nvt_mace-mp-0.h5
mace-mp-0,MACE-MP-0,Standard,bulkPt3Co_300K_J.Kioseoglou_VASP,300.0,20927,650.58,0.031088,31.088,torch-sim-0.6.1,/home/mjgawkowski/Finite-Temperature-MLIP-Benchmark/paper_v2_configs/data/mlip-trajs-torchsim/bulkPt3Co_300K_J.Kioseoglou_VASP/md_timing_mace-mp-0.csv,108,/home/mjgawkowski/Finite-Temperature-MLIP-Benchmark/paper_v2_configs/data/mlip-trajs-torchsim/bulkPt3Co_300K_J.Kioseoglou_VASP/nvt_mace-mp-0.h5
mace-mp-0,MACE-MP-0,Standard,bulkCuAu_500K-Artrith_VASP,500.0,1105,38.66,0.034986,34.986000000000004,torch-sim-0.6.1,/home/mjgawkowski/Finite-Temperature-MLIP-Benchmark/paper_v2_configs/data/mlip-trajs-torchsim/bulkCuAu_500K-Artrith_VASP/md_timing_mace-mp-0.csv,128,/home/mjgawkowski/Finite-Temperature-MLIP-Benchmark/paper_v2_configs/data/mlip-trajs-torchsim/bulkCuAu_500K-Artrith_VASP/nvt_mace-mp-0.h5
mace-mp-0,MACE-MP-0,Standard,CsSnI3_500K_Ivor_VASP,500.0,14758,364.95,0.024729,24.729,torch-sim-0.6.1,/home/mjgawkowski/Finite-Temperature-MLIP-Benchmark/paper_v2_configs/data/mlip-trajs-torchsim/CsSnI3_500K_Ivor_VASP/md_timing_mace-mp-0.csv,135,/home/mjgawkowski/Finite-Temperature-MLIP-Benchmark/paper_v2_configs/data/mlip-trajs-torchsim/CsSnI3_500K_Ivor_VASP/nvt_mace-mp-0.h5
mace-mp-0,MACE-MP-0,Standard,naphthalene_295K_Sharma_S,295.0,7557,349.74,0.04628,46.28,torch-sim-0.6.1,/home/mjgawkowski/Finite-Temperature-MLIP-Benchmark/paper_v2_configs/data/mlip-trajs-torchsim/naphthalene_295K_Sharma_S/md_timing_mace-mp-0.csv,144,/home/mjgawkowski/Finite-Temperature-MLIP-Benchmark/paper_v2_configs/data/mlip-trajs-torchsim/naphthalene_295K_Sharma_S/nvt_mace-mp-0.h5
mace-mp-0,MACE-MP-0,Standard,bulkCuZrAl_1500K_A.Wadowski-J.Schmidt_VASP,1500.0,2718,97.35,0.035818,35.818000000000005,torch-sim-0.6.1,/home/mjgawkowski/Finite-Temperature-MLIP-Benchmark/paper_v2_configs/data/mlip-trajs-torchsim/bulkCuZrAl_1500K_A.Wadowski-J.Schmidt_VASP/md_timing_mace-mp-0.csv,150,/home/mjgawkowski/Finite-Temperature-MLIP-Benchmark/paper_v2_configs/data/mlip-trajs-torchsim/bulkCuZrAl_1500K_A.Wadowski-J.Schmidt_VASP/nvt_mace-mp-0.h5
mace-mp-0,MACE-MP-0,Standard,bulkAu_1500K_Kapil,1500.0,20162,801.6,0.039758,39.758,torch-sim-0.6.1,/home/mjgawkowski/Finite-Temperature-MLIP-Benchmark/paper_v2_configs/data/mlip-trajs-torchsim/bulkAu_1500K_Kapil/md_timing_mace-mp-0.csv,192,/home/mjgawkowski/Finite-Temperature-MLIP-Benchmark/paper_v2_configs/data/mlip-trajs-torchsim/bulkAu_1500K_Kapil/nvt_mace-mp-0.h5
mace-mp-0,MACE-MP-0,Standard,bulkLiMgAlZnSn_600K_J_Schmidt_VASP,600.0,3015,230.51,0.076454,76.454,torch-sim-0.6.1,/home/mjgawkowski/Finite-Temperature-MLIP-Benchmark/paper_v2_configs/data/mlip-trajs-torchsim/bulkLiMgAlZnSn_600K_J_Schmidt_VASP/md_timing_mace-mp-0.csv,500,/home/mjgawkowski/Finite-Temperature-MLIP-Benchmark/paper_v2_configs/data/mlip-trajs-torchsim/bulkLiMgAlZnSn_600K_J_Schmidt_VASP/nvt_mace-mp-0.h5
mace-mp-0,MACE-MP-0,Standard,bulkLiMgAlZnSn_900K_J_Schmidt_VASP,900.0,2181,165.86,0.076046,76.046,torch-sim-0.6.1,/home/mjgawkowski/Finite-Temperature-MLIP-Benchmark/paper_v2_configs/data/mlip-trajs-torchsim/bulkLiMgAlZnSn_900K_J_Schmidt_VASP/md_timing_mace-mp-0.csv,500,/home/mjgawkowski/Finite-Temperature-MLIP-Benchmark/paper_v2_configs/data/mlip-trajs-torchsim/bulkLiMgAlZnSn_900K_J_Schmidt_VASP/nvt_mace-mp-0.h5
mace-mpa-0,MACE-MPA-0,Standard,anthracene_293K_Sharma_S,293.0,44000,1126.75,0.025608,25.608,torch-sim-0.6.1,/home/mjgawkowski/Finite-Temperature-MLIP-Benchmark/paper_v2_configs/data/mlip-trajs-torchsim/anthracene_293K_Sharma_S/md_timing_mace-mpa-0.csv,48,/home/mjgawkowski/Finite-Temperature-MLIP-Benchmark/paper_v2_configs/data/mlip-trajs-torchsim/anthracene_293K_Sharma_S/nvt_mace-mpa-0.h5
mace-mpa-0,MACE-MPA-0,Standard,tetracene_295K_Sharma_S,295.0,44000,1372.65,0.031197,31.197,torch-sim-0.6.1,/home/mjgawkowski/Finite-Temperature-MLIP-Benchmark/paper_v2_configs/data/mlip-trajs-torchsim/tetracene_295K_Sharma_S/md_timing_mace-mpa-0.csv,60,/home/mjgawkowski/Finite-Temperature-MLIP-Benchmark/paper_v2_configs/data/mlip-trajs-torchsim/tetracene_295K_Sharma_S/nvt_mace-mpa-0.h5
mace-mpa-0,MACE-MPA-0,Standard,pentacene_295K_Sharma_S,295.0,44000,1437.8,0.032677,32.677,torch-sim-0.6.1,/home/mjgawkowski/Finite-Temperature-MLIP-Benchmark/paper_v2_configs/data/mlip-trajs-torchsim/pentacene_295K_Sharma_S/md_timing_mace-mpa-0.csv,72,/home/mjgawkowski/Finite-Temperature-MLIP-Benchmark/paper_v2_configs/data/mlip-trajs-torchsim/pentacene_295K_Sharma_S/nvt_mace-mpa-0.h5
mace-mpa-0,MACE-MPA-0,Standard,picene_295K_Sharma_S,295.0,44000,1421.7,0.032311,32.311,torch-sim-0.6.1,/home/mjgawkowski/Finite-Temperature-MLIP-Benchmark/paper_v2_configs/data/mlip-trajs-torchsim/picene_295K_Sharma_S/md_timing_mace-mpa-0.csv,72,/home/mjgawkowski/Finite-Temperature-MLIP-Benchmark/paper_v2_configs/data/mlip-trajs-torchsim/picene_295K_Sharma_S/nvt_mace-mpa-0.h5
mace-mpa-0,MACE-MPA-0,Standard,MAPbBr3_300K_Ivor_VASP,300.0,44000,1300.14,0.029549,29.549,torch-sim-0.6.1,/home/mjgawkowski/Finite-Temperature-MLIP-Benchmark/paper_v2_configs/data/mlip-trajs-torchsim/MAPbBr3_300K_Ivor_VASP/md_timing_mace-mpa-0.csv,96,/home/mjgawkowski/Finite-Temperature-MLIP-Benchmark/paper_v2_configs/data/mlip-trajs-torchsim/MAPbBr3_300K_Ivor_VASP/nvt_mace-mpa-0.h5
mace-mpa-0,MACE-MPA-0,Standard,bulkMoS2_300K_NO-VdW_J.Kioseoglou_VASP,300.0,22000,640.29,0.029104,29.104000000000003,torch-sim-0.6.1,/home/mjgawkowski/Finite-Temperature-MLIP-Benchmark/paper_v2_configs/data/mlip-trajs-torchsim/bulkMoS2_300K_NO-VdW_J.Kioseoglou_VASP/md_timing_mace-mpa-0.csv,96,/home/mjgawkowski/Finite-Temperature-MLIP-Benchmark/paper_v2_configs/data/mlip-trajs-torchsim/bulkMoS2_300K_NO-VdW_J.Kioseoglou_VASP/nvt_mace-mpa-0.h5
mace-mpa-0,MACE-MPA-0,Standard,Pt111w24H2O_380K_Heenen_VASP,380.0,22000,743.39,0.033791,33.791000000000004,torch-sim-0.6.1,/home/mjgawkowski/Finite-Temperature-MLIP-Benchmark/paper_v2_configs/data/mlip-trajs-torchsim/Pt111w24H2O_380K_Heenen_VASP/md_timing_mace-mpa-0.csv,108,/home/mjgawkowski/Finite-Temperature-MLIP-Benchmark/paper_v2_configs/data/mlip-trajs-torchsim/Pt111w24H2O_380K_Heenen_VASP/nvt_mace-mpa-0.h5
mace-mpa-0,MACE-MPA-0,Standard,TiSe2_400K_Ivor_VASP,400.0,22000,649.83,0.029538,29.537999999999997,torch-sim-0.6.1,/home/mjgawkowski/Finite-Temperature-MLIP-Benchmark/paper_v2_configs/data/mlip-trajs-torchsim/TiSe2_400K_Ivor_VASP/md_timing_mace-mpa-0.csv,108,/home/mjgawkowski/Finite-Temperature-MLIP-Benchmark/paper_v2_configs/data/mlip-trajs-torchsim/TiSe2_400K_Ivor_VASP/nvt_mace-mpa-0.h5
mace-mpa-0,MACE-MPA-0,Standard,bulkAg_600K_Kapil,600.0,22000,679.74,0.030897,30.897000000000002,torch-sim-0.6.1,/home/mjgawkowski/Finite-Temperature-MLIP-Benchmark/paper_v2_configs/data/mlip-trajs-torchsim/bulkAg_600K_Kapil/md_timing_mace-mpa-0.csv,108,/home/mjgawkowski/Finite-Temperature-MLIP-Benchmark/paper_v2_configs/data/mlip-trajs-torchsim/bulkAg_600K_Kapil/nvt_mace-mpa-0.h5
mace-mpa-0,MACE-MPA-0,Standard,bulkCu_1000K_Kapil,1000.0,22000,756.18,0.034372,34.372,torch-sim-0.6.1,/home/mjgawkowski/Finite-Temperature-MLIP-Benchmark/paper_v2_configs/data/mlip-trajs-torchsim/bulkCu_1000K_Kapil/md_timing_mace-mpa-0.csv,108,/home/mjgawkowski/Finite-Temperature-MLIP-Benchmark/paper_v2_configs/data/mlip-trajs-torchsim/bulkCu_1000K_Kapil/nvt_mace-mpa-0.h5
mace-mpa-0,MACE-MPA-0,Standard,bulkPt3Co_300K_J.Kioseoglou_VASP,300.0,22000,697.58,0.031708,31.708,torch-sim-0.6.1,/home/mjgawkowski/Finite-Temperature-MLIP-Benchmark/paper_v2_configs/data/mlip-trajs-torchsim/bulkPt3Co_300K_J.Kioseoglou_VASP/md_timing_mace-mpa-0.csv,108,/home/mjgawkowski/Finite-Temperature-MLIP-Benchmark/paper_v2_configs/data/mlip-trajs-torchsim/bulkPt3Co_300K_J.Kioseoglou_VASP/nvt_mace-mpa-0.h5
mace-mpa-0,MACE-MPA-0,Standard,bulkCuAu_500K-Artrith_VASP,500.0,22000,800.86,0.036403,36.403,torch-sim-0.6.1,/home/mjgawkowski/Finite-Temperature-MLIP-Benchmark/paper_v2_configs/data/mlip-trajs-torchsim/bulkCuAu_500K-Artrith_VASP/md_timing_mace-mpa-0.csv,128,/home/mjgawkowski/Finite-Temperature-MLIP-Benchmark/paper_v2_configs/data/mlip-trajs-torchsim/bulkCuAu_500K-Artrith_VASP/nvt_mace-mpa-0.h5
mace-mpa-0,MACE-MPA-0,Standard,CsSnI3_500K_Ivor_VASP,500.0,22000,601.98,0.027363,27.363,torch-sim-0.6.1,/home/mjgawkowski/Finite-Temperature-MLIP-Benchmark/paper_v2_configs/data/mlip-trajs-torchsim/CsSnI3_500K_Ivor_VASP/md_timing_mace-mpa-0.csv,135,/home/mjgawkowski/Finite-Temperature-MLIP-Benchmark/paper_v2_configs/data/mlip-trajs-torchsim/CsSnI3_500K_Ivor_VASP/nvt_mace-mpa-0.h5
mace-mpa-0,MACE-MPA-0,Standard,naphthalene_295K_Sharma_S,295.0,44000,2077.86,0.047224,47.224000000000004,torch-sim-0.6.1,/home/mjgawkowski/Finite-Temperature-MLIP-Benchmark/paper_v2_configs/data/mlip-trajs-torchsim/naphthalene_295K_Sharma_S/md_timing_mace-mpa-0.csv,144,/home/mjgawkowski/Finite-Temperature-MLIP-Benchmark/paper_v2_configs/data/mlip-trajs-torchsim/naphthalene_295K_Sharma_S/nvt_mace-mpa-0.h5
mace-mpa-0,MACE-MPA-0,Standard,bulkCuZrAl_1500K_A.Wadowski-J.Schmidt_VASP,1500.0,22000,832.07,0.037822,37.822,torch-sim-0.6.1,/home/mjgawkowski/Finite-Temperature-MLIP-Benchmark/paper_v2_configs/data/mlip-trajs-torchsim/bulkCuZrAl_1500K_A.Wadowski-J.Schmidt_VASP/md_timing_mace-mpa-0.csv,150,/home/mjgawkowski/Finite-Temperature-MLIP-Benchmark/paper_v2_configs/data/mlip-trajs-torchsim/bulkCuZrAl_1500K_A.Wadowski-J.Schmidt_VASP/nvt_mace-mpa-0.h5
mace-mpa-0,MACE-MPA-0,Standard,bulkAu_1500K_Kapil,1500.0,22000,917.78,0.041717,41.717,torch-sim-0.6.1,/home/mjgawkowski/Finite-Temperature-MLIP-Benchmark/paper_v2_configs/data/mlip-trajs-torchsim/bulkAu_1500K_Kapil/md_timing_mace-mpa-0.csv,192,/home/mjgawkowski/Finite-Temperature-MLIP-Benchmark/paper_v2_configs/data/mlip-trajs-torchsim/bulkAu_1500K_Kapil/nvt_mace-mpa-0.h5
mace-mpa-0,MACE-MPA-0,Standard,bulkLiMgAlZnSn_600K_J_Schmidt_VASP,600.0,22000,1764.56,0.080207,80.207,torch-sim-0.6.1,/home/mjgawkowski/Finite-Temperature-MLIP-Benchmark/paper_v2_configs/data/mlip-trajs-torchsim/bulkLiMgAlZnSn_600K_J_Schmidt_VASP/md_timing_mace-mpa-0.csv,500,/home/mjgawkowski/Finite-Temperature-MLIP-Benchmark/paper_v2_configs/data/mlip-trajs-torchsim/bulkLiMgAlZnSn_600K_J_Schmidt_VASP/nvt_mace-mpa-0.h5
mace-mpa-0,MACE-MPA-0,Standard,bulkLiMgAlZnSn_900K_J_Schmidt_VASP,900.0,22000,1760.62,0.080028,80.028,torch-sim-0.6.1,/home/mjgawkowski/Finite-Temperature-MLIP-Benchmark/paper_v2_configs/data/mlip-trajs-torchsim/bulkLiMgAlZnSn_900K_J_Schmidt_VASP/md_timing_mace-mpa-0.csv,500,/home/mjgawkowski/Finite-Temperature-MLIP-Benchmark/paper_v2_configs/data/mlip-trajs-torchsim/bulkLiMgAlZnSn_900K_J_Schmidt_VASP/nvt_mace-mpa-0.h5
mattersim-v1-5m,MatterSim-v1.0.0-5M,Standard,anthracene_293K_Sharma_S,293.0,16000,441.92,0.02762,27.619999999999997,torch-sim-0.6.1,/home/mjgawkowski/Finite-Temperature-MLIP-Benchmark/paper_v2_configs/data/mlip-trajs-torchsim/anthracene_293K_Sharma_S/md_timing_mattersim-v1-5M.csv,48,/home/mjgawkowski/Finite-Temperature-MLIP-Benchmark/paper_v2_configs/data/mlip-trajs-torchsim/anthracene_293K_Sharma_S/nvt_eSEN-30M-OAM.h5
mattersim-v1-5m,MatterSim-v1.0.0-5M,Standard,bulkMoS2_300K_NO-VdW_J.Kioseoglou_VASP,300.0,22000,540.42,0.024564,24.564,torch-sim-0.6.1,/home/mjgawkowski/Finite-Temperature-MLIP-Benchmark/paper_v2_configs/data/mlip-trajs-torchsim/bulkMoS2_300K_NO-VdW_J.Kioseoglou_VASP/md_timing_mattersim-v1-5M.csv,96,/home/mjgawkowski/Finite-Temperature-MLIP-Benchmark/paper_v2_configs/data/mlip-trajs-torchsim/bulkMoS2_300K_NO-VdW_J.Kioseoglou_VASP/nvt_grace-mp.h5
mattersim-v1-5m,MatterSim-v1.0.0-5M,Standard,bulkAg_600K_Kapil,600.0,24881,472.01,0.018971,18.970999999999997,torch-sim-0.6.1,/home/mjgawkowski/Finite-Temperature-MLIP-Benchmark/paper_v2_configs/data/mlip-trajs-torchsim/bulkAg_600K_Kapil/md_timing_mattersim-v1-5M.csv,108,/home/mjgawkowski/Finite-Temperature-MLIP-Benchmark/paper_v2_configs/data/mlip-trajs-torchsim/bulkAg_600K_Kapil/nvt_eSEN-30M-OAM.h5
mattersim-v1-5m,MatterSim-v1.0.0-5M,Standard,bulkCu_1000K_Kapil,1000.0,22000,695.95,0.031634,31.634000000000004,torch-sim-0.6.1,/home/mjgawkowski/Finite-Temperature-MLIP-Benchmark/paper_v2_configs/data/mlip-trajs-torchsim/bulkCu_1000K_Kapil/md_timing_mattersim-v1-5M.csv,108,/home/mjgawkowski/Finite-Temperature-MLIP-Benchmark/paper_v2_configs/data/mlip-trajs-torchsim/bulkCu_1000K_Kapil/nvt_grace-mp.h5
mattersim-v1-5m,MatterSim-v1.0.0-5M,Standard,bulkCuAu_500K-Artrith_VASP,500.0,22000,453.1,0.020595,20.595,torch-sim-0.6.1,/home/mjgawkowski/Finite-Temperature-MLIP-Benchmark/paper_v2_configs/data/mlip-trajs-torchsim/bulkCuAu_500K-Artrith_VASP/md_timing_mattersim-v1-5M.csv,128,/home/mjgawkowski/Finite-Temperature-MLIP-Benchmark/paper_v2_configs/data/mlip-trajs-torchsim/bulkCuAu_500K-Artrith_VASP/nvt_grace-mp.h5
mattersim-v1-5m,MatterSim-v1.0.0-5M,Standard,CsSnI3_500K_Ivor_VASP,500.0,22000,340.46,0.015476,15.476,torch-sim-0.6.1,/home/mjgawkowski/Finite-Temperature-MLIP-Benchmark/paper_v2_configs/data/mlip-trajs-torchsim/CsSnI3_500K_Ivor_VASP/md_timing_mattersim-v1-5M.csv,135,/home/mjgawkowski/Finite-Temperature-MLIP-Benchmark/paper_v2_configs/data/mlip-trajs-torchsim/CsSnI3_500K_Ivor_VASP/nvt_grace-mp.h5
mattersim-v1-5m,MatterSim-v1.0.0-5M,Standard,bulkCuZrAl_1500K_A.Wadowski-J.Schmidt_VASP,1500.0,22000,348.78,0.015854,15.854,torch-sim-0.6.1,/home/mjgawkowski/Finite-Temperature-MLIP-Benchmark/paper_v2_configs/data/mlip-trajs-torchsim/bulkCuZrAl_1500K_A.Wadowski-J.Schmidt_VASP/md_timing_mattersim-v1-5M.csv,150,/home/mjgawkowski/Finite-Temperature-MLIP-Benchmark/paper_v2_configs/data/mlip-trajs-torchsim/bulkCuZrAl_1500K_A.Wadowski-J.Schmidt_VASP/nvt_grace-mp.h5
mattersim-v1-5m,MatterSim-v1.0.0-5M,Standard,bulkAu_1500K_Kapil,1500.0,22000,362.16,0.016462,16.462,torch-sim-0.6.1,/home/mjgawkowski/Finite-Temperature-MLIP-Benchmark/paper_v2_configs/data/mlip-trajs-torchsim/bulkAu_1500K_Kapil/md_timing_mattersim-v1-5M.csv,192,/home/mjgawkowski/Finite-Temperature-MLIP-Benchmark/paper_v2_configs/data/mlip-trajs-torchsim/bulkAu_1500K_Kapil/nvt_eSEN-30M-OAM.h5
mattersim-v1-5m,MatterSim-v1.0.0-5M,Standard,bulkLiMgAlZnSn_600K_J_Schmidt_VASP,600.0,22000,352.4,0.016018,16.018,torch-sim-0.6.1,/home/mjgawkowski/Finite-Temperature-MLIP-Benchmark/paper_v2_configs/data/mlip-trajs-torchsim/bulkLiMgAlZnSn_600K_J_Schmidt_VASP/md_timing_mattersim-v1-5M.csv,500,/home/mjgawkowski/Finite-Temperature-MLIP-Benchmark/paper_v2_configs/data/mlip-trajs-torchsim/bulkLiMgAlZnSn_600K_J_Schmidt_VASP/nvt_grace-mp.h5
mattersim-v1-5m,MatterSim-v1.0.0-5M,Standard,bulkLiMgAlZnSn_900K_J_Schmidt_VASP,900.0,22000,354.22,0.016101,16.101,torch-sim-0.6.1,/home/mjgawkowski/Finite-Temperature-MLIP-Benchmark/paper_v2_configs/data/mlip-trajs-torchsim/bulkLiMgAlZnSn_900K_J_Schmidt_VASP/md_timing_mattersim-v1-5M.csv,500,/home/mjgawkowski/Finite-Temperature-MLIP-Benchmark/paper_v2_configs/data/mlip-trajs-torchsim/bulkLiMgAlZnSn_900K_J_Schmidt_VASP/nvt_grace-mp.h5
nequip,NequIP-OAM-XL,Standard,anthracene_293K_Sharma_S,293.0,44000,9660.96,0.219567,219.567,torch-sim-0.6.1,/home/mjgawkowski/Finite-Temperature-MLIP-Benchmark/paper_v2_configs/data/mlip-trajs-torchsim/anthracene_293K_Sharma_S/md_timing_nequip.csv,48,/home/mjgawkowski/Finite-Temperature-MLIP-Benchmark/paper_v2_configs/data/mlip-trajs-torchsim/anthracene_293K_Sharma_S/nvt_nequip.h5
nequip,NequIP-OAM-XL,Standard,bulkMoS2_300K_NO-VdW_J.Kioseoglou_VASP,300.0,22000,5350.69,0.243213,243.21300000000002,torch-sim-0.6.1,/home/mjgawkowski/Finite-Temperature-MLIP-Benchmark/paper_v2_configs/data/mlip-trajs-torchsim/bulkMoS2_300K_NO-VdW_J.Kioseoglou_VASP/md_timing_nequip.csv,96,/home/mjgawkowski/Finite-Temperature-MLIP-Benchmark/paper_v2_configs/data/mlip-trajs-torchsim/bulkMoS2_300K_NO-VdW_J.Kioseoglou_VASP/nvt_nequip.h5
nequip,NequIP-OAM-XL,Standard,bulkAg_600K_Kapil,600.0,22000,6222.74,0.282852,282.852,torch-sim-0.6.1,/home/mjgawkowski/Finite-Temperature-MLIP-Benchmark/paper_v2_configs/data/mlip-trajs-torchsim/bulkAg_600K_Kapil/md_timing_nequip.csv,108,/home/mjgawkowski/Finite-Temperature-MLIP-Benchmark/paper_v2_configs/data/mlip-trajs-torchsim/bulkAg_600K_Kapil/nvt_nequip.h5
nequip,NequIP-OAM-XL,Standard,bulkCu_1000K_Kapil,1000.0,22000,8549.81,0.388628,388.628,torch-sim-0.6.1,/home/mjgawkowski/Finite-Temperature-MLIP-Benchmark/paper_v2_configs/data/mlip-trajs-torchsim/bulkCu_1000K_Kapil/md_timing_nequip.csv,108,/home/mjgawkowski/Finite-Temperature-MLIP-Benchmark/paper_v2_configs/data/mlip-trajs-torchsim/bulkCu_1000K_Kapil/nvt_nequip.h5
nequip,NequIP-OAM-XL,Standard,bulkPt3Co_300K_J.Kioseoglou_VASP,300.0,22000,6961.92,0.316451,316.45099999999996,torch-sim-0.6.1,/home/mjgawkowski/Finite-Temperature-MLIP-Benchmark/paper_v2_configs/data/mlip-trajs-torchsim/bulkPt3Co_300K_J.Kioseoglou_VASP/md_timing_nequip.csv,108,/home/mjgawkowski/Finite-Temperature-MLIP-Benchmark/paper_v2_configs/data/mlip-trajs-torchsim/bulkPt3Co_300K_J.Kioseoglou_VASP/nvt_nequip.h5
nequip,NequIP-OAM-XL,Standard,bulkCuAu_500K-Artrith_VASP,500.0,22000,8447.77,0.383989,383.98900000000003,torch-sim-0.6.1,/home/mjgawkowski/Finite-Temperature-MLIP-Benchmark/paper_v2_configs/data/mlip-trajs-torchsim/bulkCuAu_500K-Artrith_VASP/md_timing_nequip.csv,128,/home/mjgawkowski/Finite-Temperature-MLIP-Benchmark/paper_v2_configs/data/mlip-trajs-torchsim/bulkCuAu_500K-Artrith_VASP/nvt_nequip.h5
nequip,NequIP-OAM-XL,Standard,CsSnI3_500K_Ivor_VASP,500.0,22000,2848.2,0.129463,129.463,torch-sim-0.6.1,/home/mjgawkowski/Finite-Temperature-MLIP-Benchmark/paper_v2_configs/data/mlip-trajs-torchsim/CsSnI3_500K_Ivor_VASP/md_timing_nequip.csv,135,/home/mjgawkowski/Finite-Temperature-MLIP-Benchmark/paper_v2_configs/data/mlip-trajs-torchsim/CsSnI3_500K_Ivor_VASP/nvt_nequip.h5
nequip,NequIP-OAM-XL,Standard,bulkCuZrAl_1500K_A.Wadowski-J.Schmidt_VASP,1500.0,22000,9339.51,0.424523,424.52299999999997,torch-sim-0.6.1,/home/mjgawkowski/Finite-Temperature-MLIP-Benchmark/paper_v2_configs/data/mlip-trajs-torchsim/bulkCuZrAl_1500K_A.Wadowski-J.Schmidt_VASP/md_timing_nequip.csv,150,/home/mjgawkowski/Finite-Temperature-MLIP-Benchmark/paper_v2_configs/data/mlip-trajs-torchsim/bulkCuZrAl_1500K_A.Wadowski-J.Schmidt_VASP/nvt_nequip.h5
nequip,NequIP-OAM-XL,Standard,bulkAu_1500K_Kapil,1500.0,22000,10337.71,0.469896,469.89599999999996,torch-sim-0.6.1,/home/mjgawkowski/Finite-Temperature-MLIP-Benchmark/paper_v2_configs/data/mlip-trajs-torchsim/bulkAu_1500K_Kapil/md_timing_nequip.csv,192,/home/mjgawkowski/Finite-Temperature-MLIP-Benchmark/paper_v2_configs/data/mlip-trajs-torchsim/bulkAu_1500K_Kapil/nvt_nequip.h5
nequip,NequIP-OAM-XL,Standard,bulkLiMgAlZnSn_600K_J_Schmidt_VASP,600.0,22000,22898.19,1.040827,1040.827,torch-sim-0.6.1,/home/mjgawkowski/Finite-Temperature-MLIP-Benchmark/paper_v2_configs/data/mlip-trajs-torchsim/bulkLiMgAlZnSn_600K_J_Schmidt_VASP/md_timing_nequip.csv,500,/home/mjgawkowski/Finite-Temperature-MLIP-Benchmark/paper_v2_configs/data/mlip-trajs-torchsim/bulkLiMgAlZnSn_600K_J_Schmidt_VASP/nvt_nequip.h5
nequip,NequIP-OAM-XL,Standard,bulkLiMgAlZnSn_900K_J_Schmidt_VASP,900.0,22000,22757.52,1.034433,1034.433,torch-sim-0.6.1,/home/mjgawkowski/Finite-Temperature-MLIP-Benchmark/paper_v2_configs/data/mlip-trajs-torchsim/bulkLiMgAlZnSn_900K_J_Schmidt_VASP/md_timing_nequip.csv,500,/home/mjgawkowski/Finite-Temperature-MLIP-Benchmark/paper_v2_configs/data/mlip-trajs-torchsim/bulkLiMgAlZnSn_900K_J_Schmidt_VASP/nvt_nequip.h5
orb-v2,ORB-v2,Accelerated,anthracene_293K_Sharma_S,293.0,16000,251.03,0.01569,15.69,torch-sim-0.6.1+compile,/home/mjgawkowski/Finite-Temperature-MLIP-Benchmark/paper_v2_configs/data/mlip-trajs-torchsim-accelerated/anthracene_293K_Sharma_S/md_timing_orb-v2.csv,48,/home/mjgawkowski/Finite-Temperature-MLIP-Benchmark/paper_v2_configs/data/mlip-trajs-torchsim-accelerated/anthracene_293K_Sharma_S/nvt_orb-v2.h5
orb-v2,ORB-v2,Accelerated,tetracene_295K_Sharma_S,295.0,16000,270.12,0.016882,16.882,torch-sim-0.6.1+compile,/home/mjgawkowski/Finite-Temperature-MLIP-Benchmark/paper_v2_configs/data/mlip-trajs-torchsim-accelerated/tetracene_295K_Sharma_S/md_timing_orb-v2.csv,60,/home/mjgawkowski/Finite-Temperature-MLIP-Benchmark/paper_v2_configs/data/mlip-trajs-torchsim-accelerated/tetracene_295K_Sharma_S/nvt_orb-v2.h5
orb-v2,ORB-v2,Accelerated,pentacene_295K_Sharma_S,295.0,15579,252.52,0.016209,16.209,torch-sim-0.6.1+compile,/home/mjgawkowski/Finite-Temperature-MLIP-Benchmark/paper_v2_configs/data/mlip-trajs-torchsim-accelerated/pentacene_295K_Sharma_S/md_timing_orb-v2.csv,72,/home/mjgawkowski/Finite-Temperature-MLIP-Benchmark/paper_v2_configs/data/mlip-trajs-torchsim-accelerated/pentacene_295K_Sharma_S/nvt_orb-v2.h5
orb-v2,ORB-v2,Accelerated,picene_295K_Sharma_S,295.0,14151,242.39,0.017129,17.128999999999998,torch-sim-0.6.1+compile,/home/mjgawkowski/Finite-Temperature-MLIP-Benchmark/paper_v2_configs/data/mlip-trajs-torchsim-accelerated/picene_295K_Sharma_S/md_timing_orb-v2.csv,72,/home/mjgawkowski/Finite-Temperature-MLIP-Benchmark/paper_v2_configs/data/mlip-trajs-torchsim-accelerated/picene_295K_Sharma_S/nvt_orb-v2.h5
orb-v2,ORB-v2,Accelerated,MAPbBr3_300K_Ivor_VASP,300.0,60000,1001.87,0.016698,16.698,torch-sim-0.6.1+compile,/home/mjgawkowski/Finite-Temperature-MLIP-Benchmark/paper_v2_configs/data/mlip-trajs-torchsim-accelerated/MAPbBr3_300K_Ivor_VASP/md_timing_orb-v2.csv,96,/home/mjgawkowski/Finite-Temperature-MLIP-Benchmark/paper_v2_configs/data/mlip-trajs-torchsim-accelerated/MAPbBr3_300K_Ivor_VASP/nvt_orb-v2.h5
orb-v2,ORB-v2,Accelerated,bulkMoS2_300K_NO-VdW_J.Kioseoglou_VASP,300.0,20000,317.08,0.015854,15.854,torch-sim-0.6.1+compile,/home/mjgawkowski/Finite-Temperature-MLIP-Benchmark/paper_v2_configs/data/mlip-trajs-torchsim-accelerated/bulkMoS2_300K_NO-VdW_J.Kioseoglou_VASP/md_timing_orb-v2.csv,96,/home/mjgawkowski/Finite-Temperature-MLIP-Benchmark/paper_v2_configs/data/mlip-trajs-torchsim-accelerated/bulkMoS2_300K_NO-VdW_J.Kioseoglou_VASP/nvt_orb-v2.h5
orb-v2,ORB-v2,Accelerated,Pt111w24H2O_380K_Heenen_VASP,380.0,3843,69.36,0.018049,18.049,torch-sim-0.6.1+compile,/home/mjgawkowski/Finite-Temperature-MLIP-Benchmark/paper_v2_configs/data/mlip-trajs-torchsim-accelerated/Pt111w24H2O_380K_Heenen_VASP/md_timing_orb-v2.csv,108,/home/mjgawkowski/Finite-Temperature-MLIP-Benchmark/paper_v2_configs/data/mlip-trajs-torchsim-accelerated/Pt111w24H2O_380K_Heenen_VASP/nvt_orb-v2.h5
orb-v2,ORB-v2,Accelerated,TiSe2_400K_Ivor_VASP,400.0,14716,264.73,0.017989,17.989,torch-sim-0.6.1+compile,/home/mjgawkowski/Finite-Temperature-MLIP-Benchmark/paper_v2_configs/data/mlip-trajs-torchsim-accelerated/TiSe2_400K_Ivor_VASP/md_timing_orb-v2.csv,108,/home/mjgawkowski/Finite-Temperature-MLIP-Benchmark/paper_v2_configs/data/mlip-trajs-torchsim-accelerated/TiSe2_400K_Ivor_VASP/nvt_orb-v2.h5
orb-v2,ORB-v2,Accelerated,bulkAg_600K_Kapil,600.0,24881,425.65,0.017107,17.107,torch-sim-0.6.1+compile,/home/mjgawkowski/Finite-Temperature-MLIP-Benchmark/paper_v2_configs/data/mlip-trajs-torchsim-accelerated/bulkAg_600K_Kapil/md_timing_orb-v2.csv,108,/home/mjgawkowski/Finite-Temperature-MLIP-Benchmark/paper_v2_configs/data/mlip-trajs-torchsim-accelerated/bulkAg_600K_Kapil/nvt_orb-v2.h5
orb-v2,ORB-v2,Accelerated,bulkCu_1000K_Kapil,1000.0,36007,618.75,0.017184,17.184,torch-sim-0.6.1+compile,/home/mjgawkowski/Finite-Temperature-MLIP-Benchmark/paper_v2_configs/data/mlip-trajs-torchsim-accelerated/bulkCu_1000K_Kapil/md_timing_orb-v2.csv,108,/home/mjgawkowski/Finite-Temperature-MLIP-Benchmark/paper_v2_configs/data/mlip-trajs-torchsim-accelerated/bulkCu_1000K_Kapil/nvt_orb-v2.h5
orb-v2,ORB-v2,Accelerated,bulkPt3Co_300K_J.Kioseoglou_VASP,300.0,20927,356.57,0.017039,17.038999999999998,torch-sim-0.6.1+compile,/home/mjgawkowski/Finite-Temperature-MLIP-Benchmark/paper_v2_configs/data/mlip-trajs-torchsim-accelerated/bulkPt3Co_300K_J.Kioseoglou_VASP/md_timing_orb-v2.csv,108,/home/mjgawkowski/Finite-Temperature-MLIP-Benchmark/paper_v2_configs/data/mlip-trajs-torchsim-accelerated/bulkPt3Co_300K_J.Kioseoglou_VASP/nvt_orb-v2.h5
orb-v2,ORB-v2,Accelerated,bulkCuAu_500K-Artrith_VASP,500.0,1105,19.14,0.017317,17.317,torch-sim-0.6.1+compile,/home/mjgawkowski/Finite-Temperature-MLIP-Benchmark/paper_v2_configs/data/mlip-trajs-torchsim-accelerated/bulkCuAu_500K-Artrith_VASP/md_timing_orb-v2.csv,128,/home/mjgawkowski/Finite-Temperature-MLIP-Benchmark/paper_v2_configs/data/mlip-trajs-torchsim-accelerated/bulkCuAu_500K-Artrith_VASP/nvt_orb-v2.h5
orb-v2,ORB-v2,Accelerated,CsSnI3_500K_Ivor_VASP,500.0,14758,252.36,0.0171,17.1,torch-sim-0.6.1+compile,/home/mjgawkowski/Finite-Temperature-MLIP-Benchmark/paper_v2_configs/data/mlip-trajs-torchsim-accelerated/CsSnI3_500K_Ivor_VASP/md_timing_orb-v2.csv,135,/home/mjgawkowski/Finite-Temperature-MLIP-Benchmark/paper_v2_configs/data/mlip-trajs-torchsim-accelerated/CsSnI3_500K_Ivor_VASP/nvt_orb-v2.h5
orb-v2,ORB-v2,Accelerated,naphthalene_295K_Sharma_S,295.0,7557,144.35,0.019101,19.101,torch-sim-0.6.1+compile,/home/mjgawkowski/Finite-Temperature-MLIP-Benchmark/paper_v2_configs/data/mlip-trajs-torchsim-accelerated/naphthalene_295K_Sharma_S/md_timing_orb-v2.csv,144,/home/mjgawkowski/Finite-Temperature-MLIP-Benchmark/paper_v2_configs/data/mlip-trajs-torchsim-accelerated/naphthalene_295K_Sharma_S/nvt_orb-v2.h5
orb-v2,ORB-v2,Accelerated,bulkCuZrAl_1500K_A.Wadowski-J.Schmidt_VASP,1500.0,2718,51.46,0.018934,18.934,torch-sim-0.6.1+compile,/home/mjgawkowski/Finite-Temperature-MLIP-Benchmark/paper_v2_configs/data/mlip-trajs-torchsim-accelerated/bulkCuZrAl_1500K_A.Wadowski-J.Schmidt_VASP/md_timing_orb-v2.csv,150,/home/mjgawkowski/Finite-Temperature-MLIP-Benchmark/paper_v2_configs/data/mlip-trajs-torchsim-accelerated/bulkCuZrAl_1500K_A.Wadowski-J.Schmidt_VASP/nvt_orb-v2.h5
orb-v2,ORB-v2,Accelerated,bulkAu_1500K_Kapil,1500.0,20162,407.14,0.020193,20.192999999999998,torch-sim-0.6.1+compile,/home/mjgawkowski/Finite-Temperature-MLIP-Benchmark/paper_v2_configs/data/mlip-trajs-torchsim-accelerated/bulkAu_1500K_Kapil/md_timing_orb-v2.csv,192,/home/mjgawkowski/Finite-Temperature-MLIP-Benchmark/paper_v2_configs/data/mlip-trajs-torchsim-accelerated/bulkAu_1500K_Kapil/nvt_orb-v2.h5
orb-v2,ORB-v2,Accelerated,bulkLiMgAlZnSn_600K_J_Schmidt_VASP,600.0,3015,98.26,0.032591,32.591,torch-sim-0.6.1+compile,/home/mjgawkowski/Finite-Temperature-MLIP-Benchmark/paper_v2_configs/data/mlip-trajs-torchsim-accelerated/bulkLiMgAlZnSn_600K_J_Schmidt_VASP/md_timing_orb-v2.csv,500,/home/mjgawkowski/Finite-Temperature-MLIP-Benchmark/paper_v2_configs/data/mlip-trajs-torchsim-accelerated/bulkLiMgAlZnSn_600K_J_Schmidt_VASP/nvt_orb-v2.h5
orb-v2,ORB-v2,Accelerated,bulkLiMgAlZnSn_900K_J_Schmidt_VASP,900.0,2181,70.93,0.032521,32.521,torch-sim-0.6.1+compile,/home/mjgawkowski/Finite-Temperature-MLIP-Benchmark/paper_v2_configs/data/mlip-trajs-torchsim-accelerated/bulkLiMgAlZnSn_900K_J_Schmidt_VASP/md_timing_orb-v2.csv,500,/home/mjgawkowski/Finite-Temperature-MLIP-Benchmark/paper_v2_configs/data/mlip-trajs-torchsim-accelerated/bulkLiMgAlZnSn_900K_J_Schmidt_VASP/nvt_orb-v2.h5
orb-v2,ORB-v2,Accelerated,H_1050K_Rupp_QE,1050.0,1784,60.31,0.033806,33.806000000000004,torch-sim-0.6.1+compile,/home/mjgawkowski/Finite-Temperature-MLIP-Benchmark/paper_v2_configs/data/mlip-trajs-torchsim-accelerated/H_1050K_Rupp_QE/md_timing_orb-v2.csv,512,/home/mjgawkowski/Finite-Temperature-MLIP-Benchmark/paper_v2_configs/data/mlip-trajs-torchsim-accelerated/H_1050K_Rupp_QE/nvt_orb-v2.h5
orb-v2,ORB-v2,Standard,anthracene_293K_Sharma_S,293.0,16000,250.32,0.015645,15.645,torch-sim-0.6.1,/home/mjgawkowski/Finite-Temperature-MLIP-Benchmark/paper_v2_configs/data/mlip-trajs-torchsim/anthracene_293K_Sharma_S/md_timing_orb-v2.csv,48,/home/mjgawkowski/Finite-Temperature-MLIP-Benchmark/paper_v2_configs/data/mlip-trajs-torchsim/anthracene_293K_Sharma_S/nvt_orb-v2.h5
orb-v2,ORB-v2,Standard,tetracene_295K_Sharma_S,295.0,16000,252.87,0.015805,15.805,torch-sim-0.6.1,/home/mjgawkowski/Finite-Temperature-MLIP-Benchmark/paper_v2_configs/data/mlip-trajs-torchsim/tetracene_295K_Sharma_S/md_timing_orb-v2.csv,60,/home/mjgawkowski/Finite-Temperature-MLIP-Benchmark/paper_v2_configs/data/mlip-trajs-torchsim/tetracene_295K_Sharma_S/nvt_orb-v2.h5
orb-v2,ORB-v2,Standard,pentacene_295K_Sharma_S,295.0,15579,252.86,0.016231,16.230999999999998,torch-sim-0.6.1,/home/mjgawkowski/Finite-Temperature-MLIP-Benchmark/paper_v2_configs/data/mlip-trajs-torchsim/pentacene_295K_Sharma_S/md_timing_orb-v2.csv,72,/home/mjgawkowski/Finite-Temperature-MLIP-Benchmark/paper_v2_configs/data/mlip-trajs-torchsim/pentacene_295K_Sharma_S/nvt_orb-v2.h5
orb-v2,ORB-v2,Standard,picene_295K_Sharma_S,295.0,14151,229.04,0.016186,16.186,torch-sim-0.6.1,/home/mjgawkowski/Finite-Temperature-MLIP-Benchmark/paper_v2_configs/data/mlip-trajs-torchsim/picene_295K_Sharma_S/md_timing_orb-v2.csv,72,/home/mjgawkowski/Finite-Temperature-MLIP-Benchmark/paper_v2_configs/data/mlip-trajs-torchsim/picene_295K_Sharma_S/nvt_orb-v2.h5
orb-v2,ORB-v2,Standard,MAPbBr3_300K_Ivor_VASP,300.0,60000,999.7,0.016662,16.662,torch-sim-0.6.1,/home/mjgawkowski/Finite-Temperature-MLIP-Benchmark/paper_v2_configs/data/mlip-trajs-torchsim/MAPbBr3_300K_Ivor_VASP/md_timing_orb-v2.csv,96,/home/mjgawkowski/Finite-Temperature-MLIP-Benchmark/paper_v2_configs/data/mlip-trajs-torchsim/MAPbBr3_300K_Ivor_VASP/nvt_orb-v2.h5
orb-v2,ORB-v2,Standard,bulkMoS2_300K_NO-VdW_J.Kioseoglou_VASP,300.0,20000,317.42,0.015871,15.871,torch-sim-0.6.1,/home/mjgawkowski/Finite-Temperature-MLIP-Benchmark/paper_v2_configs/data/mlip-trajs-torchsim/bulkMoS2_300K_NO-VdW_J.Kioseoglou_VASP/md_timing_orb-v2.csv,96,/home/mjgawkowski/Finite-Temperature-MLIP-Benchmark/paper_v2_configs/data/mlip-trajs-torchsim/bulkMoS2_300K_NO-VdW_J.Kioseoglou_VASP/nvt_orb-v2.h5
orb-v2,ORB-v2,Standard,Pt111w24H2O_380K_Heenen_VASP,380.0,3843,65.56,0.017059,17.059,torch-sim-0.6.1,/home/mjgawkowski/Finite-Temperature-MLIP-Benchmark/paper_v2_configs/data/mlip-trajs-torchsim/Pt111w24H2O_380K_Heenen_VASP/md_timing_orb-v2.csv,108,/home/mjgawkowski/Finite-Temperature-MLIP-Benchmark/paper_v2_configs/data/mlip-trajs-torchsim/Pt111w24H2O_380K_Heenen_VASP/nvt_orb-v2.h5
orb-v2,ORB-v2,Standard,TiSe2_400K_Ivor_VASP,400.0,14716,251.36,0.017081,17.081,torch-sim-0.6.1,/home/mjgawkowski/Finite-Temperature-MLIP-Benchmark/paper_v2_configs/data/mlip-trajs-torchsim/TiSe2_400K_Ivor_VASP/md_timing_orb-v2.csv,108,/home/mjgawkowski/Finite-Temperature-MLIP-Benchmark/paper_v2_configs/data/mlip-trajs-torchsim/TiSe2_400K_Ivor_VASP/nvt_orb-v2.h5
orb-v2,ORB-v2,Standard,bulkAg_600K_Kapil,600.0,24881,428.28,0.017213,17.212999999999997,torch-sim-0.6.1,/home/mjgawkowski/Finite-Temperature-MLIP-Benchmark/paper_v2_configs/data/mlip-trajs-torchsim/bulkAg_600K_Kapil/md_timing_orb-v2.csv,108,/home/mjgawkowski/Finite-Temperature-MLIP-Benchmark/paper_v2_configs/data/mlip-trajs-torchsim/bulkAg_600K_Kapil/nvt_orb-v2.h5
orb-v2,ORB-v2,Standard,bulkCu_1000K_Kapil,1000.0,36007,619.21,0.017197,17.197,torch-sim-0.6.1,/home/mjgawkowski/Finite-Temperature-MLIP-Benchmark/paper_v2_configs/data/mlip-trajs-torchsim/bulkCu_1000K_Kapil/md_timing_orb-v2.csv,108,/home/mjgawkowski/Finite-Temperature-MLIP-Benchmark/paper_v2_configs/data/mlip-trajs-torchsim/bulkCu_1000K_Kapil/nvt_orb-v2.h5
orb-v2,ORB-v2,Standard,bulkPt3Co_300K_J.Kioseoglou_VASP,300.0,20927,357.18,0.017068,17.068,torch-sim-0.6.1,/home/mjgawkowski/Finite-Temperature-MLIP-Benchmark/paper_v2_configs/data/mlip-trajs-torchsim/bulkPt3Co_300K_J.Kioseoglou_VASP/md_timing_orb-v2.csv,108,/home/mjgawkowski/Finite-Temperature-MLIP-Benchmark/paper_v2_configs/data/mlip-trajs-torchsim/bulkPt3Co_300K_J.Kioseoglou_VASP/nvt_orb-v2.h5
orb-v2,ORB-v2,Standard,bulkCuAu_500K-Artrith_VASP,500.0,1105,19.11,0.017296,17.296,torch-sim-0.6.1,/home/mjgawkowski/Finite-Temperature-MLIP-Benchmark/paper_v2_configs/data/mlip-trajs-torchsim/bulkCuAu_500K-Artrith_VASP/md_timing_orb-v2.csv,128,/home/mjgawkowski/Finite-Temperature-MLIP-Benchmark/paper_v2_configs/data/mlip-trajs-torchsim/bulkCuAu_500K-Artrith_VASP/nvt_orb-v2.h5
orb-v2,ORB-v2,Standard,CsSnI3_500K_Ivor_VASP,500.0,14758,251.89,0.017068,17.068,torch-sim-0.6.1,/home/mjgawkowski/Finite-Temperature-MLIP-Benchmark/paper_v2_configs/data/mlip-trajs-torchsim/CsSnI3_500K_Ivor_VASP/md_timing_orb-v2.csv,135,/home/mjgawkowski/Finite-Temperature-MLIP-Benchmark/paper_v2_configs/data/mlip-trajs-torchsim/CsSnI3_500K_Ivor_VASP/nvt_orb-v2.h5
orb-v2,ORB-v2,Standard,naphthalene_295K_Sharma_S,295.0,7557,142.28,0.018828,18.828,torch-sim-0.6.1,/home/mjgawkowski/Finite-Temperature-MLIP-Benchmark/paper_v2_configs/data/mlip-trajs-torchsim/naphthalene_295K_Sharma_S/md_timing_orb-v2.csv,144,/home/mjgawkowski/Finite-Temperature-MLIP-Benchmark/paper_v2_configs/data/mlip-trajs-torchsim/naphthalene_295K_Sharma_S/nvt_orb-v2.h5
orb-v2,ORB-v2,Standard,bulkCuZrAl_1500K_A.Wadowski-J.Schmidt_VASP,1500.0,2718,51.35,0.018893,18.893,torch-sim-0.6.1,/home/mjgawkowski/Finite-Temperature-MLIP-Benchmark/paper_v2_configs/data/mlip-trajs-torchsim/bulkCuZrAl_1500K_A.Wadowski-J.Schmidt_VASP/md_timing_orb-v2.csv,150,/home/mjgawkowski/Finite-Temperature-MLIP-Benchmark/paper_v2_configs/data/mlip-trajs-torchsim/bulkCuZrAl_1500K_A.Wadowski-J.Schmidt_VASP/nvt_orb-v2.h5
orb-v2,ORB-v2,Standard,bulkAu_1500K_Kapil,1500.0,20162,406.19,0.020147,20.147000000000002,torch-sim-0.6.1,/home/mjgawkowski/Finite-Temperature-MLIP-Benchmark/paper_v2_configs/data/mlip-trajs-torchsim/bulkAu_1500K_Kapil/md_timing_orb-v2.csv,192,/home/mjgawkowski/Finite-Temperature-MLIP-Benchmark/paper_v2_configs/data/mlip-trajs-torchsim/bulkAu_1500K_Kapil/nvt_orb-v2.h5
orb-v2,ORB-v2,Standard,bulkLiMgAlZnSn_600K_J_Schmidt_VASP,600.0,3015,98.09,0.032532,32.532,torch-sim-0.6.1,/home/mjgawkowski/Finite-Temperature-MLIP-Benchmark/paper_v2_configs/data/mlip-trajs-torchsim/bulkLiMgAlZnSn_600K_J_Schmidt_VASP/md_timing_orb-v2.csv,500,/home/mjgawkowski/Finite-Temperature-MLIP-Benchmark/paper_v2_configs/data/mlip-trajs-torchsim/bulkLiMgAlZnSn_600K_J_Schmidt_VASP/nvt_orb-v2.h5
orb-v2,ORB-v2,Standard,bulkLiMgAlZnSn_900K_J_Schmidt_VASP,900.0,2181,70.62,0.032379,32.379,torch-sim-0.6.1,/home/mjgawkowski/Finite-Temperature-MLIP-Benchmark/paper_v2_configs/data/mlip-trajs-torchsim/bulkLiMgAlZnSn_900K_J_Schmidt_VASP/md_timing_orb-v2.csv,500,/home/mjgawkowski/Finite-Temperature-MLIP-Benchmark/paper_v2_configs/data/mlip-trajs-torchsim/bulkLiMgAlZnSn_900K_J_Schmidt_VASP/nvt_orb-v2.h5
orb-v2,ORB-v2,Standard,H_1050K_Rupp_QE,1050.0,1784,59.84,0.033544,33.544,torch-sim-0.6.1,/home/mjgawkowski/Finite-Temperature-MLIP-Benchmark/paper_v2_configs/data/mlip-trajs-torchsim/H_1050K_Rupp_QE/md_timing_orb-v2.csv,512,/home/mjgawkowski/Finite-Temperature-MLIP-Benchmark/paper_v2_configs/data/mlip-trajs-torchsim/H_1050K_Rupp_QE/nvt_orb-v2.h5
orb-v3,ORB-v3 conservative,Standard,anthracene_293K_Sharma_S,293.0,44000,1368.98,0.031113,31.113,torch-sim-0.6.1,/home/mjgawkowski/Finite-Temperature-MLIP-Benchmark/paper_v2_configs/data/mlip-trajs-torchsim/anthracene_293K_Sharma_S/md_timing_orb-v3.csv,48,/home/mjgawkowski/Finite-Temperature-MLIP-Benchmark/paper_v2_configs/data/mlip-trajs-torchsim/anthracene_293K_Sharma_S/nvt_orb-v3.h5
orb-v3,ORB-v3 conservative,Standard,tetracene_295K_Sharma_S,295.0,44000,1556.23,0.035369,35.369,torch-sim-0.6.1,/home/mjgawkowski/Finite-Temperature-MLIP-Benchmark/paper_v2_configs/data/mlip-trajs-torchsim/tetracene_295K_Sharma_S/md_timing_orb-v3.csv,60,/home/mjgawkowski/Finite-Temperature-MLIP-Benchmark/paper_v2_configs/data/mlip-trajs-torchsim/tetracene_295K_Sharma_S/nvt_orb-v3.h5
orb-v3,ORB-v3 conservative,Standard,pentacene_295K_Sharma_S,295.0,44000,1630.02,0.037046,37.046,torch-sim-0.6.1,/home/mjgawkowski/Finite-Temperature-MLIP-Benchmark/paper_v2_configs/data/mlip-trajs-torchsim/pentacene_295K_Sharma_S/md_timing_orb-v3.csv,72,/home/mjgawkowski/Finite-Temperature-MLIP-Benchmark/paper_v2_configs/data/mlip-trajs-torchsim/pentacene_295K_Sharma_S/nvt_orb-v3.h5
orb-v3,ORB-v3 conservative,Standard,picene_295K_Sharma_S,295.0,44000,1652.35,0.037554,37.553999999999995,torch-sim-0.6.1,/home/mjgawkowski/Finite-Temperature-MLIP-Benchmark/paper_v2_configs/data/mlip-trajs-torchsim/picene_295K_Sharma_S/md_timing_orb-v3.csv,72,/home/mjgawkowski/Finite-Temperature-MLIP-Benchmark/paper_v2_configs/data/mlip-trajs-torchsim/picene_295K_Sharma_S/nvt_orb-v3.h5
orb-v3,ORB-v3 conservative,Standard,MAPbBr3_300K_Ivor_VASP,300.0,44000,1350.45,0.030692,30.692,torch-sim-0.6.1,/home/mjgawkowski/Finite-Temperature-MLIP-Benchmark/paper_v2_configs/data/mlip-trajs-torchsim/MAPbBr3_300K_Ivor_VASP/md_timing_orb-v3.csv,96,/home/mjgawkowski/Finite-Temperature-MLIP-Benchmark/paper_v2_configs/data/mlip-trajs-torchsim/MAPbBr3_300K_Ivor_VASP/nvt_orb-v3.h5
orb-v3,ORB-v3 conservative,Standard,bulkMoS2_300K_NO-VdW_J.Kioseoglou_VASP,300.0,22000,679.46,0.030884,30.884,torch-sim-0.6.1,/home/mjgawkowski/Finite-Temperature-MLIP-Benchmark/paper_v2_configs/data/mlip-trajs-torchsim/bulkMoS2_300K_NO-VdW_J.Kioseoglou_VASP/md_timing_orb-v3.csv,96,/home/mjgawkowski/Finite-Temperature-MLIP-Benchmark/paper_v2_configs/data/mlip-trajs-torchsim/bulkMoS2_300K_NO-VdW_J.Kioseoglou_VASP/nvt_orb-v3.h5
orb-v3,ORB-v3 conservative,Standard,Pt111w24H2O_380K_Heenen_VASP,380.0,22000,810.67,0.036849,36.849,torch-sim-0.6.1,/home/mjgawkowski/Finite-Temperature-MLIP-Benchmark/paper_v2_configs/data/mlip-trajs-torchsim/Pt111w24H2O_380K_Heenen_VASP/md_timing_orb-v3.csv,108,/home/mjgawkowski/Finite-Temperature-MLIP-Benchmark/paper_v2_configs/data/mlip-trajs-torchsim/Pt111w24H2O_380K_Heenen_VASP/nvt_orb-v3.h5
orb-v3,ORB-v3 conservative,Standard,TiSe2_400K_Ivor_VASP,400.0,22000,584.02,0.026546,26.546,torch-sim-0.6.1,/home/mjgawkowski/Finite-Temperature-MLIP-Benchmark/paper_v2_configs/data/mlip-trajs-torchsim/TiSe2_400K_Ivor_VASP/md_timing_orb-v3.csv,108,/home/mjgawkowski/Finite-Temperature-MLIP-Benchmark/paper_v2_configs/data/mlip-trajs-torchsim/TiSe2_400K_Ivor_VASP/nvt_orb-v3.h5
orb-v3,ORB-v3 conservative,Standard,bulkAg_600K_Kapil,600.0,22000,787.1,0.035777,35.777,torch-sim-0.6.1,/home/mjgawkowski/Finite-Temperature-MLIP-Benchmark/paper_v2_configs/data/mlip-trajs-torchsim/bulkAg_600K_Kapil/md_timing_orb-v3.csv,108,/home/mjgawkowski/Finite-Temperature-MLIP-Benchmark/paper_v2_configs/data/mlip-trajs-torchsim/bulkAg_600K_Kapil/nvt_orb-v3.h5
orb-v3,ORB-v3 conservative,Standard,bulkCu_1000K_Kapil,1000.0,22000,912.7,0.041486,41.486000000000004,torch-sim-0.6.1,/home/mjgawkowski/Finite-Temperature-MLIP-Benchmark/paper_v2_configs/data/mlip-trajs-torchsim/bulkCu_1000K_Kapil/md_timing_orb-v3.csv,108,/home/mjgawkowski/Finite-Temperature-MLIP-Benchmark/paper_v2_configs/data/mlip-trajs-torchsim/bulkCu_1000K_Kapil/nvt_orb-v3.h5
orb-v3,ORB-v3 conservative,Standard,bulkPt3Co_300K_J.Kioseoglou_VASP,300.0,22000,798.91,0.036314,36.314,torch-sim-0.6.1,/home/mjgawkowski/Finite-Temperature-MLIP-Benchmark/paper_v2_configs/data/mlip-trajs-torchsim/bulkPt3Co_300K_J.Kioseoglou_VASP/md_timing_orb-v3.csv,108,/home/mjgawkowski/Finite-Temperature-MLIP-Benchmark/paper_v2_configs/data/mlip-trajs-torchsim/bulkPt3Co_300K_J.Kioseoglou_VASP/nvt_orb-v3.h5
orb-v3,ORB-v3 conservative,Standard,bulkCuAu_500K-Artrith_VASP,500.0,22000,903.7,0.041077,41.077000000000005,torch-sim-0.6.1,/home/mjgawkowski/Finite-Temperature-MLIP-Benchmark/paper_v2_configs/data/mlip-trajs-torchsim/bulkCuAu_500K-Artrith_VASP/md_timing_orb-v3.csv,128,/home/mjgawkowski/Finite-Temperature-MLIP-Benchmark/paper_v2_configs/data/mlip-trajs-torchsim/bulkCuAu_500K-Artrith_VASP/nvt_orb-v3.h5
orb-v3,ORB-v3 conservative,Standard,CsSnI3_500K_Ivor_VASP,500.0,22000,529.02,0.024047,24.047,torch-sim-0.6.1,/home/mjgawkowski/Finite-Temperature-MLIP-Benchmark/paper_v2_configs/data/mlip-trajs-torchsim/CsSnI3_500K_Ivor_VASP/md_timing_orb-v3.csv,135,/home/mjgawkowski/Finite-Temperature-MLIP-Benchmark/paper_v2_configs/data/mlip-trajs-torchsim/CsSnI3_500K_Ivor_VASP/nvt_orb-v3.h5
orb-v3,ORB-v3 conservative,Standard,naphthalene_295K_Sharma_S,295.0,44000,2515.74,0.057176,57.175999999999995,torch-sim-0.6.1,/home/mjgawkowski/Finite-Temperature-MLIP-Benchmark/paper_v2_configs/data/mlip-trajs-torchsim/naphthalene_295K_Sharma_S/md_timing_orb-v3.csv,144,/home/mjgawkowski/Finite-Temperature-MLIP-Benchmark/paper_v2_configs/data/mlip-trajs-torchsim/naphthalene_295K_Sharma_S/nvt_orb-v3.h5
orb-v3,ORB-v3 conservative,Standard,bulkCuZrAl_1500K_A.Wadowski-J.Schmidt_VASP,1500.0,22000,992.99,0.045136,45.136,torch-sim-0.6.1,/home/mjgawkowski/Finite-Temperature-MLIP-Benchmark/paper_v2_configs/data/mlip-trajs-torchsim/bulkCuZrAl_1500K_A.Wadowski-J.Schmidt_VASP/md_timing_orb-v3.csv,150,/home/mjgawkowski/Finite-Temperature-MLIP-Benchmark/paper_v2_configs/data/mlip-trajs-torchsim/bulkCuZrAl_1500K_A.Wadowski-J.Schmidt_VASP/nvt_orb-v3.h5
orb-v3,ORB-v3 conservative,Standard,bulkAu_1500K_Kapil,1500.0,22000,1046.14,0.047552,47.552,torch-sim-0.6.1,/home/mjgawkowski/Finite-Temperature-MLIP-Benchmark/paper_v2_configs/data/mlip-trajs-torchsim/bulkAu_1500K_Kapil/md_timing_orb-v3.csv,192,/home/mjgawkowski/Finite-Temperature-MLIP-Benchmark/paper_v2_configs/data/mlip-trajs-torchsim/bulkAu_1500K_Kapil/nvt_orb-v3.h5
orb-v3,ORB-v3 conservative,Standard,bulkLiMgAlZnSn_600K_J_Schmidt_VASP,600.0,22000,1965.04,0.08932,89.32,torch-sim-0.6.1,/home/mjgawkowski/Finite-Temperature-MLIP-Benchmark/paper_v2_configs/data/mlip-trajs-torchsim/bulkLiMgAlZnSn_600K_J_Schmidt_VASP/md_timing_orb-v3.csv,500,/home/mjgawkowski/Finite-Temperature-MLIP-Benchmark/paper_v2_configs/data/mlip-trajs-torchsim/bulkLiMgAlZnSn_600K_J_Schmidt_VASP/nvt_orb-v3.h5
orb-v3,ORB-v3 conservative,Standard,bulkLiMgAlZnSn_900K_J_Schmidt_VASP,900.0,22000,1962.93,0.089224,89.224,torch-sim-0.6.1,/home/mjgawkowski/Finite-Temperature-MLIP-Benchmark/paper_v2_configs/data/mlip-trajs-torchsim/bulkLiMgAlZnSn_900K_J_Schmidt_VASP/md_timing_orb-v3.csv,500,/home/mjgawkowski/Finite-Temperature-MLIP-Benchmark/paper_v2_configs/data/mlip-trajs-torchsim/bulkLiMgAlZnSn_900K_J_Schmidt_VASP/nvt_orb-v3.h5
orb-v3,ORB-v3 conservative,Standard,H_1050K_Rupp_QE,1050.0,110000,23740.35,0.215821,215.82100000000003,torch-sim-0.6.1,/home/mjgawkowski/Finite-Temperature-MLIP-Benchmark/paper_v2_configs/data/mlip-trajs-torchsim/H_1050K_Rupp_QE/md_timing_orb-v3.csv,512,/home/mjgawkowski/Finite-Temperature-MLIP-Benchmark/paper_v2_configs/data/mlip-trajs-torchsim/H_1050K_Rupp_QE/nvt_orb-v3.h5
orb-v3-direct,ORB-v3 direct,Standard,anthracene_293K_Sharma_S,293.0,16000,251.04,0.01569,15.69,torch-sim-0.6.1,/home/mjgawkowski/Finite-Temperature-MLIP-Benchmark/paper_v2_configs/data/mlip-trajs-torchsim/anthracene_293K_Sharma_S/md_timing_orb-v3-direct.csv,48,/home/mjgawkowski/Finite-Temperature-MLIP-Benchmark/paper_v2_configs/data/mlip-trajs-torchsim/anthracene_293K_Sharma_S/nvt_orb-v3-direct.h5
orb-v3-direct,ORB-v3 direct,Standard,tetracene_295K_Sharma_S,295.0,16000,279.67,0.017479,17.479000000000003,torch-sim-0.6.1,/home/mjgawkowski/Finite-Temperature-MLIP-Benchmark/paper_v2_configs/data/mlip-trajs-torchsim/tetracene_295K_Sharma_S/md_timing_orb-v3-direct.csv,60,/home/mjgawkowski/Finite-Temperature-MLIP-Benchmark/paper_v2_configs/data/mlip-trajs-torchsim/tetracene_295K_Sharma_S/nvt_orb-v3-direct.h5
orb-v3-direct,ORB-v3 direct,Standard,pentacene_295K_Sharma_S,295.0,15579,277.03,0.017782,17.782,torch-sim-0.6.1,/home/mjgawkowski/Finite-Temperature-MLIP-Benchmark/paper_v2_configs/data/mlip-trajs-torchsim/pentacene_295K_Sharma_S/md_timing_orb-v3-direct.csv,72,/home/mjgawkowski/Finite-Temperature-MLIP-Benchmark/paper_v2_configs/data/mlip-trajs-torchsim/pentacene_295K_Sharma_S/nvt_orb-v3-direct.h5
orb-v3-direct,ORB-v3 direct,Standard,picene_295K_Sharma_S,295.0,14151,251.11,0.017745,17.745,torch-sim-0.6.1,/home/mjgawkowski/Finite-Temperature-MLIP-Benchmark/paper_v2_configs/data/mlip-trajs-torchsim/picene_295K_Sharma_S/md_timing_orb-v3-direct.csv,72,/home/mjgawkowski/Finite-Temperature-MLIP-Benchmark/paper_v2_configs/data/mlip-trajs-torchsim/picene_295K_Sharma_S/nvt_orb-v3-direct.h5
orb-v3-direct,ORB-v3 direct,Standard,MAPbBr3_300K_Ivor_VASP,300.0,60000,1029.06,0.017151,17.151,torch-sim-0.6.1,/home/mjgawkowski/Finite-Temperature-MLIP-Benchmark/paper_v2_configs/data/mlip-trajs-torchsim/MAPbBr3_300K_Ivor_VASP/md_timing_orb-v3-direct.csv,96,/home/mjgawkowski/Finite-Temperature-MLIP-Benchmark/paper_v2_configs/data/mlip-trajs-torchsim/MAPbBr3_300K_Ivor_VASP/nvt_orb-v3-direct.h5
orb-v3-direct,ORB-v3 direct,Standard,bulkMoS2_300K_NO-VdW_J.Kioseoglou_VASP,300.0,20000,313.45,0.015673,15.673,torch-sim-0.6.1,/home/mjgawkowski/Finite-Temperature-MLIP-Benchmark/paper_v2_configs/data/mlip-trajs-torchsim/bulkMoS2_300K_NO-VdW_J.Kioseoglou_VASP/md_timing_orb-v3-direct.csv,96,/home/mjgawkowski/Finite-Temperature-MLIP-Benchmark/paper_v2_configs/data/mlip-trajs-torchsim/bulkMoS2_300K_NO-VdW_J.Kioseoglou_VASP/nvt_orb-v3-direct.h5
orb-v3-direct,ORB-v3 direct,Standard,Pt111w24H2O_380K_Heenen_VASP,380.0,3843,71.74,0.018668,18.668,torch-sim-0.6.1,/home/mjgawkowski/Finite-Temperature-MLIP-Benchmark/paper_v2_configs/data/mlip-trajs-torchsim/Pt111w24H2O_380K_Heenen_VASP/md_timing_orb-v3-direct.csv,108,/home/mjgawkowski/Finite-Temperature-MLIP-Benchmark/paper_v2_configs/data/mlip-trajs-torchsim/Pt111w24H2O_380K_Heenen_VASP/nvt_orb-v3-direct.h5
orb-v3-direct,ORB-v3 direct,Standard,TiSe2_400K_Ivor_VASP,400.0,14716,265.44,0.018038,18.037999999999997,torch-sim-0.6.1,/home/mjgawkowski/Finite-Temperature-MLIP-Benchmark/paper_v2_configs/data/mlip-trajs-torchsim/TiSe2_400K_Ivor_VASP/md_timing_orb-v3-direct.csv,108,/home/mjgawkowski/Finite-Temperature-MLIP-Benchmark/paper_v2_configs/data/mlip-trajs-torchsim/TiSe2_400K_Ivor_VASP/nvt_orb-v3-direct.h5
orb-v3-direct,ORB-v3 direct,Standard,bulkAg_600K_Kapil,600.0,24881,431.13,0.017328,17.328,torch-sim-0.6.1,/home/mjgawkowski/Finite-Temperature-MLIP-Benchmark/paper_v2_configs/data/mlip-trajs-torchsim/bulkAg_600K_Kapil/md_timing_orb-v3-direct.csv,108,/home/mjgawkowski/Finite-Temperature-MLIP-Benchmark/paper_v2_configs/data/mlip-trajs-torchsim/bulkAg_600K_Kapil/nvt_orb-v3-direct.h5
orb-v3-direct,ORB-v3 direct,Standard,bulkCu_1000K_Kapil,1000.0,36007,652.49,0.018121,18.121000000000002,torch-sim-0.6.1,/home/mjgawkowski/Finite-Temperature-MLIP-Benchmark/paper_v2_configs/data/mlip-trajs-torchsim/bulkCu_1000K_Kapil/md_timing_orb-v3-direct.csv,108,/home/mjgawkowski/Finite-Temperature-MLIP-Benchmark/paper_v2_configs/data/mlip-trajs-torchsim/bulkCu_1000K_Kapil/nvt_orb-v3-direct.h5
orb-v3-direct,ORB-v3 direct,Standard,bulkPt3Co_300K_J.Kioseoglou_VASP,300.0,20927,346.71,0.016568,16.567999999999998,torch-sim-0.6.1,/home/mjgawkowski/Finite-Temperature-MLIP-Benchmark/paper_v2_configs/data/mlip-trajs-torchsim/bulkPt3Co_300K_J.Kioseoglou_VASP/md_timing_orb-v3-direct.csv,108,/home/mjgawkowski/Finite-Temperature-MLIP-Benchmark/paper_v2_configs/data/mlip-trajs-torchsim/bulkPt3Co_300K_J.Kioseoglou_VASP/nvt_orb-v3-direct.h5
orb-v3-direct,ORB-v3 direct,Standard,bulkCuAu_500K-Artrith_VASP,500.0,1105,20.31,0.018384,18.384,torch-sim-0.6.1,/home/mjgawkowski/Finite-Temperature-MLIP-Benchmark/paper_v2_configs/data/mlip-trajs-torchsim/bulkCuAu_500K-Artrith_VASP/md_timing_orb-v3-direct.csv,128,/home/mjgawkowski/Finite-Temperature-MLIP-Benchmark/paper_v2_configs/data/mlip-trajs-torchsim/bulkCuAu_500K-Artrith_VASP/nvt_orb-v3-direct.h5
orb-v3-direct,ORB-v3 direct,Standard,CsSnI3_500K_Ivor_VASP,500.0,14758,262.48,0.017786,17.786,torch-sim-0.6.1,/home/mjgawkowski/Finite-Temperature-MLIP-Benchmark/paper_v2_configs/data/mlip-trajs-torchsim/CsSnI3_500K_Ivor_VASP/md_timing_orb-v3-direct.csv,135,/home/mjgawkowski/Finite-Temperature-MLIP-Benchmark/paper_v2_configs/data/mlip-trajs-torchsim/CsSnI3_500K_Ivor_VASP/nvt_orb-v3-direct.h5
orb-v3-direct,ORB-v3 direct,Standard,naphthalene_295K_Sharma_S,295.0,7557,137.72,0.018224,18.224,torch-sim-0.6.1,/home/mjgawkowski/Finite-Temperature-MLIP-Benchmark/paper_v2_configs/data/mlip-trajs-torchsim/naphthalene_295K_Sharma_S/md_timing_orb-v3-direct.csv,144,/home/mjgawkowski/Finite-Temperature-MLIP-Benchmark/paper_v2_configs/data/mlip-trajs-torchsim/naphthalene_295K_Sharma_S/nvt_orb-v3-direct.h5
orb-v3-direct,ORB-v3 direct,Standard,bulkCuZrAl_1500K_A.Wadowski-J.Schmidt_VASP,1500.0,2718,52.53,0.019326,19.326,torch-sim-0.6.1,/home/mjgawkowski/Finite-Temperature-MLIP-Benchmark/paper_v2_configs/data/mlip-trajs-torchsim/bulkCuZrAl_1500K_A.Wadowski-J.Schmidt_VASP/md_timing_orb-v3-direct.csv,150,/home/mjgawkowski/Finite-Temperature-MLIP-Benchmark/paper_v2_configs/data/mlip-trajs-torchsim/bulkCuZrAl_1500K_A.Wadowski-J.Schmidt_VASP/nvt_orb-v3-direct.h5
orb-v3-direct,ORB-v3 direct,Standard,bulkAu_1500K_Kapil,1500.0,20162,396.27,0.019654,19.654,torch-sim-0.6.1,/home/mjgawkowski/Finite-Temperature-MLIP-Benchmark/paper_v2_configs/data/mlip-trajs-torchsim/bulkAu_1500K_Kapil/md_timing_orb-v3-direct.csv,192,/home/mjgawkowski/Finite-Temperature-MLIP-Benchmark/paper_v2_configs/data/mlip-trajs-torchsim/bulkAu_1500K_Kapil/nvt_orb-v3-direct.h5
orb-v3-direct,ORB-v3 direct,Standard,bulkLiMgAlZnSn_600K_J_Schmidt_VASP,600.0,3015,92.18,0.030573,30.573,torch-sim-0.6.1,/home/mjgawkowski/Finite-Temperature-MLIP-Benchmark/paper_v2_configs/data/mlip-trajs-torchsim/bulkLiMgAlZnSn_600K_J_Schmidt_VASP/md_timing_orb-v3-direct.csv,500,/home/mjgawkowski/Finite-Temperature-MLIP-Benchmark/paper_v2_configs/data/mlip-trajs-torchsim/bulkLiMgAlZnSn_600K_J_Schmidt_VASP/nvt_orb-v3-direct.h5
orb-v3-direct,ORB-v3 direct,Standard,bulkLiMgAlZnSn_900K_J_Schmidt_VASP,900.0,2181,66.62,0.030546,30.546,torch-sim-0.6.1,/home/mjgawkowski/Finite-Temperature-MLIP-Benchmark/paper_v2_configs/data/mlip-trajs-torchsim/bulkLiMgAlZnSn_900K_J_Schmidt_VASP/md_timing_orb-v3-direct.csv,500,/home/mjgawkowski/Finite-Temperature-MLIP-Benchmark/paper_v2_configs/data/mlip-trajs-torchsim/bulkLiMgAlZnSn_900K_J_Schmidt_VASP/nvt_orb-v3-direct.h5
orb-v3-direct,ORB-v3 direct,Standard,H_1050K_Rupp_QE,1050.0,1784,56.82,0.031851,31.851,torch-sim-0.6.1,/home/mjgawkowski/Finite-Temperature-MLIP-Benchmark/paper_v2_configs/data/mlip-trajs-torchsim/H_1050K_Rupp_QE/md_timing_orb-v3-direct.csv,512,/home/mjgawkowski/Finite-Temperature-MLIP-Benchmark/paper_v2_configs/data/mlip-trajs-torchsim/H_1050K_Rupp_QE/nvt_orb-v3-direct.h5
pet-oam-xl,PET-OAM-XL,Standard,anthracene_293K_Sharma_S,293.0,44000,4532.44,0.10301,103.01,torch-sim-0.6.1,/home/mjgawkowski/Finite-Temperature-MLIP-Benchmark/paper_v2_configs/data/mlip-trajs-torchsim/anthracene_293K_Sharma_S/md_timing_pet-oam-xl.csv,48,/home/mjgawkowski/Finite-Temperature-MLIP-Benchmark/paper_v2_configs/data/mlip-trajs-torchsim/anthracene_293K_Sharma_S/nvt_pet-oam-xl.h5
pet-oam-xl,PET-OAM-XL,Standard,bulkMoS2_300K_NO-VdW_J.Kioseoglou_VASP,300.0,22000,3810.36,0.173198,173.19799999999998,torch-sim-0.6.1,/home/mjgawkowski/Finite-Temperature-MLIP-Benchmark/paper_v2_configs/data/mlip-trajs-torchsim/bulkMoS2_300K_NO-VdW_J.Kioseoglou_VASP/md_timing_pet-oam-xl.csv,96,/home/mjgawkowski/Finite-Temperature-MLIP-Benchmark/paper_v2_configs/data/mlip-trajs-torchsim/bulkMoS2_300K_NO-VdW_J.Kioseoglou_VASP/nvt_pet-oam-xl.h5
pet-oam-xl,PET-OAM-XL,Standard,bulkAg_600K_Kapil,600.0,22000,3853.07,0.175139,175.13899999999998,torch-sim-0.6.1,/home/mjgawkowski/Finite-Temperature-MLIP-Benchmark/paper_v2_configs/data/mlip-trajs-torchsim/bulkAg_600K_Kapil/md_timing_pet-oam-xl.csv,108,/home/mjgawkowski/Finite-Temperature-MLIP-Benchmark/paper_v2_configs/data/mlip-trajs-torchsim/bulkAg_600K_Kapil/nvt_pet-oam-xl.h5
pet-oam-xl,PET-OAM-XL,Standard,bulkCu_1000K_Kapil,1000.0,22000,4020.46,0.182748,182.748,torch-sim-0.6.1,/home/mjgawkowski/Finite-Temperature-MLIP-Benchmark/paper_v2_configs/data/mlip-trajs-torchsim/bulkCu_1000K_Kapil/md_timing_pet-oam-xl.csv,108,/home/mjgawkowski/Finite-Temperature-MLIP-Benchmark/paper_v2_configs/data/mlip-trajs-torchsim/bulkCu_1000K_Kapil/nvt_pet-oam-xl.h5
pet-oam-xl,PET-OAM-XL,Standard,bulkPt3Co_300K_J.Kioseoglou_VASP,300.0,22000,3818.65,0.173575,173.57500000000002,torch-sim-0.6.1,/home/mjgawkowski/Finite-Temperature-MLIP-Benchmark/paper_v2_configs/data/mlip-trajs-torchsim/bulkPt3Co_300K_J.Kioseoglou_VASP/md_timing_pet-oam-xl.csv,108,/home/mjgawkowski/Finite-Temperature-MLIP-Benchmark/paper_v2_configs/data/mlip-trajs-torchsim/bulkPt3Co_300K_J.Kioseoglou_VASP/nvt_pet-oam-xl.h5
pet-oam-xl,PET-OAM-XL,Standard,bulkCuAu_500K-Artrith_VASP,500.0,22000,4472.6,0.2033,203.3,torch-sim-0.6.1,/home/mjgawkowski/Finite-Temperature-MLIP-Benchmark/paper_v2_configs/data/mlip-trajs-torchsim/bulkCuAu_500K-Artrith_VASP/md_timing_pet-oam-xl.csv,128,/home/mjgawkowski/Finite-Temperature-MLIP-Benchmark/paper_v2_configs/data/mlip-trajs-torchsim/bulkCuAu_500K-Artrith_VASP/nvt_pet-oam-xl.h5
pet-oam-xl,PET-OAM-XL,Standard,CsSnI3_500K_Ivor_VASP,500.0,22000,4375.85,0.198902,198.902,torch-sim-0.6.1,/home/mjgawkowski/Finite-Temperature-MLIP-Benchmark/paper_v2_configs/data/mlip-trajs-torchsim/CsSnI3_500K_Ivor_VASP/md_timing_pet-oam-xl.csv,135,/home/mjgawkowski/Finite-Temperature-MLIP-Benchmark/paper_v2_configs/data/mlip-trajs-torchsim/CsSnI3_500K_Ivor_VASP/nvt_pet-oam-xl.h5
pet-oam-xl,PET-OAM-XL,Standard,bulkCuZrAl_1500K_A.Wadowski-J.Schmidt_VASP,1500.0,22000,5409.07,0.245867,245.867,torch-sim-0.6.1,/home/mjgawkowski/Finite-Temperature-MLIP-Benchmark/paper_v2_configs/data/mlip-trajs-torchsim/bulkCuZrAl_1500K_A.Wadowski-J.Schmidt_VASP/md_timing_pet-oam-xl.csv,150,/home/mjgawkowski/Finite-Temperature-MLIP-Benchmark/paper_v2_configs/data/mlip-trajs-torchsim/bulkCuZrAl_1500K_A.Wadowski-J.Schmidt_VASP/nvt_pet-oam-xl.h5
pet-oam-xl,PET-OAM-XL,Standard,bulkAu_1500K_Kapil,1500.0,22000,6365.02,0.289319,289.319,torch-sim-0.6.1,/home/mjgawkowski/Finite-Temperature-MLIP-Benchmark/paper_v2_configs/data/mlip-trajs-torchsim/bulkAu_1500K_Kapil/md_timing_pet-oam-xl.csv,192,/home/mjgawkowski/Finite-Temperature-MLIP-Benchmark/paper_v2_configs/data/mlip-trajs-torchsim/bulkAu_1500K_Kapil/nvt_pet-oam-xl.h5
pet-oam-xl,PET-OAM-XL,Standard,bulkLiMgAlZnSn_600K_J_Schmidt_VASP,600.0,22000,15532.17,0.706008,706.0079999999999,torch-sim-0.6.1,/home/mjgawkowski/Finite-Temperature-MLIP-Benchmark/paper_v2_configs/data/mlip-trajs-torchsim/bulkLiMgAlZnSn_600K_J_Schmidt_VASP/md_timing_pet-oam-xl.csv,500,/home/mjgawkowski/Finite-Temperature-MLIP-Benchmark/paper_v2_configs/data/mlip-trajs-torchsim/bulkLiMgAlZnSn_600K_J_Schmidt_VASP/nvt_pet-oam-xl.h5
pet-oam-xl,PET-OAM-XL,Standard,bulkLiMgAlZnSn_900K_J_Schmidt_VASP,900.0,22000,15556.46,0.707112,707.112,torch-sim-0.6.1,/home/mjgawkowski/Finite-Temperature-MLIP-Benchmark/paper_v2_configs/data/mlip-trajs-torchsim/bulkLiMgAlZnSn_900K_J_Schmidt_VASP/md_timing_pet-oam-xl.csv,500,/home/mjgawkowski/Finite-Temperature-MLIP-Benchmark/paper_v2_configs/data/mlip-trajs-torchsim/bulkLiMgAlZnSn_900K_J_Schmidt_VASP/nvt_pet-oam-xl.h5
pet-omat-xl,PET-OMAT-XL,Standard,anthracene_293K_Sharma_S,293.0,44000,4517.86,0.102679,102.679,torch-sim-0.6.1,/home/mjgawkowski/Finite-Temperature-MLIP-Benchmark/paper_v2_configs/data/mlip-trajs-torchsim/anthracene_293K_Sharma_S/md_timing_pet-omat-xl.csv,48,/home/mjgawkowski/Finite-Temperature-MLIP-Benchmark/paper_v2_configs/data/mlip-trajs-torchsim/anthracene_293K_Sharma_S/nvt_pet-omat-xl.h5
pet-omat-xl,PET-OMAT-XL,Standard,bulkAg_600K_Kapil,600.0,22000,3887.62,0.17671,176.71,torch-sim-0.6.1,/home/mjgawkowski/Finite-Temperature-MLIP-Benchmark/paper_v2_configs/data/mlip-trajs-torchsim/bulkAg_600K_Kapil/md_timing_pet-omat-xl.csv,108,/home/mjgawkowski/Finite-Temperature-MLIP-Benchmark/paper_v2_configs/data/mlip-trajs-torchsim/bulkAg_600K_Kapil/nvt_pet-omat-xl.h5
pet-omat-xl,PET-OMAT-XL,Standard,bulkCu_1000K_Kapil,1000.0,22000,4039.54,0.183616,183.616,torch-sim-0.6.1,/home/mjgawkowski/Finite-Temperature-MLIP-Benchmark/paper_v2_configs/data/mlip-trajs-torchsim/bulkCu_1000K_Kapil/md_timing_pet-omat-xl.csv,108,/home/mjgawkowski/Finite-Temperature-MLIP-Benchmark/paper_v2_configs/data/mlip-trajs-torchsim/bulkCu_1000K_Kapil/nvt_pet-omat-xl.h5
pet-omat-xl,PET-OMAT-XL,Standard,bulkCuAu_500K-Artrith_VASP,500.0,22000,4510.12,0.205006,205.006,torch-sim-0.6.1,/home/mjgawkowski/Finite-Temperature-MLIP-Benchmark/paper_v2_configs/data/mlip-trajs-torchsim/bulkCuAu_500K-Artrith_VASP/md_timing_pet-omat-xl.csv,128,/home/mjgawkowski/Finite-Temperature-MLIP-Benchmark/paper_v2_configs/data/mlip-trajs-torchsim/bulkCuAu_500K-Artrith_VASP/nvt_pet-omat-xl.h5
pet-omat-xl,PET-OMAT-XL,Standard,bulkAu_1500K_Kapil,1500.0,22000,6462.7,0.293759,293.759,torch-sim-0.6.1,/home/mjgawkowski/Finite-Temperature-MLIP-Benchmark/paper_v2_configs/data/mlip-trajs-torchsim/bulkAu_1500K_Kapil/md_timing_pet-omat-xl.csv,192,/home/mjgawkowski/Finite-Temperature-MLIP-Benchmark/paper_v2_configs/data/mlip-trajs-torchsim/bulkAu_1500K_Kapil/nvt_pet-omat-xl.h5
uma-m-omat,UMA-M-P1,Standard,anthracene_293K_Sharma_S,293.0,44000,13225.08,0.30057,300.57,torch-sim-0.6.1,/home/mjgawkowski/Finite-Temperature-MLIP-Benchmark/paper_v2_configs/data/mlip-trajs-torchsim/anthracene_293K_Sharma_S/md_timing_uma-m-omat.csv,48,/home/mjgawkowski/Finite-Temperature-MLIP-Benchmark/paper_v2_configs/data/mlip-trajs-torchsim/anthracene_293K_Sharma_S/nvt_uma-m-omat.h5
uma-m-omat,UMA-M-P1,Standard,bulkAg_600K_Kapil,600.0,22000,8241.52,0.374615,374.61499999999995,torch-sim-0.6.1,/home/mjgawkowski/Finite-Temperature-MLIP-Benchmark/paper_v2_configs/data/mlip-trajs-torchsim/bulkAg_600K_Kapil/md_timing_uma-m-omat.csv,108,/home/mjgawkowski/Finite-Temperature-MLIP-Benchmark/paper_v2_configs/data/mlip-trajs-torchsim/bulkAg_600K_Kapil/nvt_uma-m-omat.h5
uma-m-omat,UMA-M-P1,Standard,bulkCu_1000K_Kapil,1000.0,22000,11102.7,0.504668,504.668,torch-sim-0.6.1,/home/mjgawkowski/Finite-Temperature-MLIP-Benchmark/paper_v2_configs/data/mlip-trajs-torchsim/bulkCu_1000K_Kapil/md_timing_uma-m-omat.csv,108,/home/mjgawkowski/Finite-Temperature-MLIP-Benchmark/paper_v2_configs/data/mlip-trajs-torchsim/bulkCu_1000K_Kapil/nvt_uma-m-omat.h5
uma-m-omat,UMA-M-P1,Standard,bulkCuAu_500K-Artrith_VASP,500.0,22000,11014.62,0.500664,500.664,torch-sim-0.6.1,/home/mjgawkowski/Finite-Temperature-MLIP-Benchmark/paper_v2_configs/data/mlip-trajs-torchsim/bulkCuAu_500K-Artrith_VASP/md_timing_uma-m-omat.csv,128,/home/mjgawkowski/Finite-Temperature-MLIP-Benchmark/paper_v2_configs/data/mlip-trajs-torchsim/bulkCuAu_500K-Artrith_VASP/nvt_uma-m-omat.h5
uma-m-omat,UMA-M-P1,Standard,CsSnI3_500K_Ivor_VASP,500.0,22000,4163.82,0.189265,189.265,torch-sim-0.6.1,/home/mjgawkowski/Finite-Temperature-MLIP-Benchmark/paper_v2_configs/data/mlip-trajs-torchsim/CsSnI3_500K_Ivor_VASP/md_timing_uma-m-omat.csv,135,/home/mjgawkowski/Finite-Temperature-MLIP-Benchmark/paper_v2_configs/data/mlip-trajs-torchsim/CsSnI3_500K_Ivor_VASP/nvt_uma-m-omat.h5
uma-m-omat,UMA-M-P1,Standard,bulkCuZrAl_1500K_A.Wadowski-J.Schmidt_VASP,1500.0,22000,12187.64,0.553984,553.984,torch-sim-0.6.1,/home/mjgawkowski/Finite-Temperature-MLIP-Benchmark/paper_v2_configs/data/mlip-trajs-torchsim/bulkCuZrAl_1500K_A.Wadowski-J.Schmidt_VASP/md_timing_uma-m-omat.csv,150,/home/mjgawkowski/Finite-Temperature-MLIP-Benchmark/paper_v2_configs/data/mlip-trajs-torchsim/bulkCuZrAl_1500K_A.Wadowski-J.Schmidt_VASP/nvt_uma-m-omat.h5
uma-m-omat,UMA-M-P1,Standard,bulkAu_1500K_Kapil,1500.0,22000,13196.56,0.599844,599.844,torch-sim-0.6.1,/home/mjgawkowski/Finite-Temperature-MLIP-Benchmark/paper_v2_configs/data/mlip-trajs-torchsim/bulkAu_1500K_Kapil/md_timing_uma-m-omat.csv,192,/home/mjgawkowski/Finite-Temperature-MLIP-Benchmark/paper_v2_configs/data/mlip-trajs-torchsim/bulkAu_1500K_Kapil/nvt_uma-m-omat.h5
uma-m-omat,UMA-M-P1,Standard,bulkLiMgAlZnSn_600K_J_Schmidt_VASP,600.0,22000,28716.02,1.305274,1305.2740000000001,torch-sim-0.6.1,/home/mjgawkowski/Finite-Temperature-MLIP-Benchmark/paper_v2_configs/data/mlip-trajs-torchsim/bulkLiMgAlZnSn_600K_J_Schmidt_VASP/md_timing_uma-m-omat.csv,500,/home/mjgawkowski/Finite-Temperature-MLIP-Benchmark/paper_v2_configs/data/mlip-trajs-torchsim/bulkLiMgAlZnSn_600K_J_Schmidt_VASP/nvt_uma-m-omat.h5
uma-m-omat,UMA-M-P1,Standard,bulkLiMgAlZnSn_900K_J_Schmidt_VASP,900.0,22000,28560.06,1.298185,1298.185,torch-sim-0.6.1,/home/mjgawkowski/Finite-Temperature-MLIP-Benchmark/paper_v2_configs/data/mlip-trajs-torchsim/bulkLiMgAlZnSn_900K_J_Schmidt_VASP/md_timing_uma-m-omat.csv,500,/home/mjgawkowski/Finite-Temperature-MLIP-Benchmark/paper_v2_configs/data/mlip-trajs-torchsim/bulkLiMgAlZnSn_900K_J_Schmidt_VASP/nvt_uma-m-omat.h5
uma-s-omat,UMA-S-P1,Standard,anthracene_293K_Sharma_S,293.0,44000,2604.69,0.059197,59.197,torch-sim-0.6.1,/home/mjgawkowski/Finite-Temperature-MLIP-Benchmark/paper_v2_configs/data/mlip-trajs-torchsim/anthracene_293K_Sharma_S/md_timing_uma-s-omat.csv,48,/home/mjgawkowski/Finite-Temperature-MLIP-Benchmark/paper_v2_configs/data/mlip-trajs-torchsim/anthracene_293K_Sharma_S/nvt_uma-s-omat.h5
uma-s-omat,UMA-S-P1,Standard,tetracene_295K_Sharma_S,295.0,44000,3073.31,0.069848,69.848,torch-sim-0.6.1,/home/mjgawkowski/Finite-Temperature-MLIP-Benchmark/paper_v2_configs/data/mlip-trajs-torchsim/tetracene_295K_Sharma_S/md_timing_uma-s-omat.csv,60,/home/mjgawkowski/Finite-Temperature-MLIP-Benchmark/paper_v2_configs/data/mlip-trajs-torchsim/tetracene_295K_Sharma_S/nvt_uma-s-omat.h5
uma-s-omat,UMA-S-P1,Standard,pentacene_295K_Sharma_S,295.0,44000,3379.76,0.076813,76.813,torch-sim-0.6.1,/home/mjgawkowski/Finite-Temperature-MLIP-Benchmark/paper_v2_configs/data/mlip-trajs-torchsim/pentacene_295K_Sharma_S/md_timing_uma-s-omat.csv,72,/home/mjgawkowski/Finite-Temperature-MLIP-Benchmark/paper_v2_configs/data/mlip-trajs-torchsim/pentacene_295K_Sharma_S/nvt_uma-s-omat.h5
uma-s-omat,UMA-S-P1,Standard,picene_295K_Sharma_S,295.0,44000,3384.03,0.07691,76.91000000000001,torch-sim-0.6.1,/home/mjgawkowski/Finite-Temperature-MLIP-Benchmark/paper_v2_configs/data/mlip-trajs-torchsim/picene_295K_Sharma_S/md_timing_uma-s-omat.csv,72,/home/mjgawkowski/Finite-Temperature-MLIP-Benchmark/paper_v2_configs/data/mlip-trajs-torchsim/picene_295K_Sharma_S/nvt_uma-s-omat.h5
uma-s-omat,UMA-S-P1,Standard,MAPbBr3_300K_Ivor_VASP,300.0,44000,2619.69,0.059538,59.538000000000004,torch-sim-0.6.1,/home/mjgawkowski/Finite-Temperature-MLIP-Benchmark/paper_v2_configs/data/mlip-trajs-torchsim/MAPbBr3_300K_Ivor_VASP/md_timing_uma-s-omat.csv,96,/home/mjgawkowski/Finite-Temperature-MLIP-Benchmark/paper_v2_configs/data/mlip-trajs-torchsim/MAPbBr3_300K_Ivor_VASP/nvt_uma-s-omat.h5
uma-s-omat,UMA-S-P1,Standard,bulkMoS2_300K_NO-VdW_J.Kioseoglou_VASP,300.0,22000,1353.43,0.06152,61.519999999999996,torch-sim-0.6.1,/home/mjgawkowski/Finite-Temperature-MLIP-Benchmark/paper_v2_configs/data/mlip-trajs-torchsim/bulkMoS2_300K_NO-VdW_J.Kioseoglou_VASP/md_timing_uma-s-omat.csv,96,/home/mjgawkowski/Finite-Temperature-MLIP-Benchmark/paper_v2_configs/data/mlip-trajs-torchsim/bulkMoS2_300K_NO-VdW_J.Kioseoglou_VASP/nvt_uma-s-omat.h5
uma-s-omat,UMA-S-P1,Standard,Pt111w24H2O_380K_Heenen_VASP,380.0,22000,1397.06,0.063503,63.50300000000001,torch-sim-0.6.1,/home/mjgawkowski/Finite-Temperature-MLIP-Benchmark/paper_v2_configs/data/mlip-trajs-torchsim/Pt111w24H2O_380K_Heenen_VASP/md_timing_uma-s-omat.csv,108,/home/mjgawkowski/Finite-Temperature-MLIP-Benchmark/paper_v2_configs/data/mlip-trajs-torchsim/Pt111w24H2O_380K_Heenen_VASP/nvt_uma-s-omat.h5
uma-s-omat,UMA-S-P1,Standard,TiSe2_400K_Ivor_VASP,400.0,22000,1166.35,0.053016,53.016,torch-sim-0.6.1,/home/mjgawkowski/Finite-Temperature-MLIP-Benchmark/paper_v2_configs/data/mlip-trajs-torchsim/TiSe2_400K_Ivor_VASP/md_timing_uma-s-omat.csv,108,/home/mjgawkowski/Finite-Temperature-MLIP-Benchmark/paper_v2_configs/data/mlip-trajs-torchsim/TiSe2_400K_Ivor_VASP/nvt_uma-s-omat.h5
uma-s-omat,UMA-S-P1,Standard,bulkAg_600K_Kapil,600.0,22000,1535.25,0.069784,69.78399999999999,torch-sim-0.6.1,/home/mjgawkowski/Finite-Temperature-MLIP-Benchmark/paper_v2_configs/data/mlip-trajs-torchsim/bulkAg_600K_Kapil/md_timing_uma-s-omat.csv,108,/home/mjgawkowski/Finite-Temperature-MLIP-Benchmark/paper_v2_configs/data/mlip-trajs-torchsim/bulkAg_600K_Kapil/nvt_uma-s-omat.h5
uma-s-omat,UMA-S-P1,Standard,bulkCu_1000K_Kapil,1000.0,22000,1927.24,0.087602,87.602,torch-sim-0.6.1,/home/mjgawkowski/Finite-Temperature-MLIP-Benchmark/paper_v2_configs/data/mlip-trajs-torchsim/bulkCu_1000K_Kapil/md_timing_uma-s-omat.csv,108,/home/mjgawkowski/Finite-Temperature-MLIP-Benchmark/paper_v2_configs/data/mlip-trajs-torchsim/bulkCu_1000K_Kapil/nvt_uma-s-omat.h5
uma-s-omat,UMA-S-P1,Standard,bulkPt3Co_300K_J.Kioseoglou_VASP,300.0,22000,1668.42,0.075837,75.837,torch-sim-0.6.1,/home/mjgawkowski/Finite-Temperature-MLIP-Benchmark/paper_v2_configs/data/mlip-trajs-torchsim/bulkPt3Co_300K_J.Kioseoglou_VASP/md_timing_uma-s-omat.csv,108,/home/mjgawkowski/Finite-Temperature-MLIP-Benchmark/paper_v2_configs/data/mlip-trajs-torchsim/bulkPt3Co_300K_J.Kioseoglou_VASP/nvt_uma-s-omat.h5
uma-s-omat,UMA-S-P1,Standard,bulkCuAu_500K-Artrith_VASP,500.0,22000,1917.14,0.087143,87.143,torch-sim-0.6.1,/home/mjgawkowski/Finite-Temperature-MLIP-Benchmark/paper_v2_configs/data/mlip-trajs-torchsim/bulkCuAu_500K-Artrith_VASP/md_timing_uma-s-omat.csv,128,/home/mjgawkowski/Finite-Temperature-MLIP-Benchmark/paper_v2_configs/data/mlip-trajs-torchsim/bulkCuAu_500K-Artrith_VASP/nvt_uma-s-omat.h5
uma-s-omat,UMA-S-P1,Standard,CsSnI3_500K_Ivor_VASP,500.0,22000,1046.01,0.047546,47.546,torch-sim-0.6.1,/home/mjgawkowski/Finite-Temperature-MLIP-Benchmark/paper_v2_configs/data/mlip-trajs-torchsim/CsSnI3_500K_Ivor_VASP/md_timing_uma-s-omat.csv,135,/home/mjgawkowski/Finite-Temperature-MLIP-Benchmark/paper_v2_configs/data/mlip-trajs-torchsim/CsSnI3_500K_Ivor_VASP/nvt_uma-s-omat.h5
uma-s-omat,UMA-S-P1,Standard,naphthalene_295K_Sharma_S,295.0,44000,5566.13,0.126503,126.503,torch-sim-0.6.1,/home/mjgawkowski/Finite-Temperature-MLIP-Benchmark/paper_v2_configs/data/mlip-trajs-torchsim/naphthalene_295K_Sharma_S/md_timing_uma-s-omat.csv,144,/home/mjgawkowski/Finite-Temperature-MLIP-Benchmark/paper_v2_configs/data/mlip-trajs-torchsim/naphthalene_295K_Sharma_S/nvt_uma-s-omat.h5
uma-s-omat,UMA-S-P1,Standard,bulkCuZrAl_1500K_A.Wadowski-J.Schmidt_VASP,1500.0,22000,2079.77,0.094535,94.535,torch-sim-0.6.1,/home/mjgawkowski/Finite-Temperature-MLIP-Benchmark/paper_v2_configs/data/mlip-trajs-torchsim/bulkCuZrAl_1500K_A.Wadowski-J.Schmidt_VASP/md_timing_uma-s-omat.csv,150,/home/mjgawkowski/Finite-Temperature-MLIP-Benchmark/paper_v2_configs/data/mlip-trajs-torchsim/bulkCuZrAl_1500K_A.Wadowski-J.Schmidt_VASP/nvt_uma-s-omat.h5
uma-s-omat,UMA-S-P1,Standard,bulkAu_1500K_Kapil,1500.0,22000,2234.55,0.101571,101.571,torch-sim-0.6.1,/home/mjgawkowski/Finite-Temperature-MLIP-Benchmark/paper_v2_configs/data/mlip-trajs-torchsim/bulkAu_1500K_Kapil/md_timing_uma-s-omat.csv,192,/home/mjgawkowski/Finite-Temperature-MLIP-Benchmark/paper_v2_configs/data/mlip-trajs-torchsim/bulkAu_1500K_Kapil/nvt_uma-s-omat.h5
uma-s-omat,UMA-S-P1,Standard,bulkLiMgAlZnSn_600K_J_Schmidt_VASP,600.0,22000,4413.75,0.200625,200.625,torch-sim-0.6.1,/home/mjgawkowski/Finite-Temperature-MLIP-Benchmark/paper_v2_configs/data/mlip-trajs-torchsim/bulkLiMgAlZnSn_600K_J_Schmidt_VASP/md_timing_uma-s-omat.csv,500,/home/mjgawkowski/Finite-Temperature-MLIP-Benchmark/paper_v2_configs/data/mlip-trajs-torchsim/bulkLiMgAlZnSn_600K_J_Schmidt_VASP/nvt_uma-s-omat.h5
uma-s-omat,UMA-S-P1,Standard,bulkLiMgAlZnSn_900K_J_Schmidt_VASP,900.0,22000,4392.58,0.199663,199.663,torch-sim-0.6.1,/home/mjgawkowski/Finite-Temperature-MLIP-Benchmark/paper_v2_configs/data/mlip-trajs-torchsim/bulkLiMgAlZnSn_900K_J_Schmidt_VASP/md_timing_uma-s-omat.csv,500,/home/mjgawkowski/Finite-Temperature-MLIP-Benchmark/paper_v2_configs/data/mlip-trajs-torchsim/bulkLiMgAlZnSn_900K_J_Schmidt_VASP/nvt_uma-s-omat.h5
uma-s-omat,UMA-S-P1,Standard,H_1050K_Rupp_QE,1050.0,110000,134313.15,1.221029,1221.029,torch-sim-0.6.1,/home/mjgawkowski/Finite-Temperature-MLIP-Benchmark/paper_v2_configs/data/mlip-trajs-torchsim/H_1050K_Rupp_QE/md_timing_uma-s-omat.csv,512,/home/mjgawkowski/Finite-Temperature-MLIP-Benchmark/paper_v2_configs/data/mlip-trajs-torchsim/H_1050K_Rupp_QE/nvt_uma-s-omat.h5
