model,model_display,timing_mode,system,temperature_K,n_steps,elapsed_seconds,seconds_per_step,milliseconds_per_step,engine,source_file
eq-v2-m-omat-force-only,EquiformerV2,Standard,CsSnI3_500K_Ivor_VASP,500.0,14758,2697.85,0.182806,182.80599999999998,torch-sim-0.5.2+fairchem-1.10.0-force-only,/home/mjgawkowski/Finite-Temperature-MLIP-Benchmark/paper_v2_configs/data/mlip-trajs-torchsim-eager/CsSnI3_500K_Ivor_VASP/md_timing_eq-v2-M-omat-force-only.csv
eq-v2-m-omat-force-only,EquiformerV2,Standard,H_1050K_Rupp_QE,1050.0,1784,1061.27,0.594882,594.8820000000001,torch-sim-0.5.2+fairchem-1.10.0-force-only,/home/mjgawkowski/Finite-Temperature-MLIP-Benchmark/paper_v2_configs/data/mlip-trajs-torchsim-eager/H_1050K_Rupp_QE/md_timing_eq-v2-M-omat-force-only.csv
eq-v2-m-omat-force-only,EquiformerV2,Standard,MAPbBr3_300K_Ivor_VASP,300.0,60000,8596.92,0.143282,143.28199999999998,torch-sim-0.5.2+fairchem-1.10.0-force-only,/home/mjgawkowski/Finite-Temperature-MLIP-Benchmark/paper_v2_configs/data/mlip-trajs-torchsim-eager/MAPbBr3_300K_Ivor_VASP/md_timing_eq-v2-M-omat-force-only.csv
eq-v2-m-omat-force-only,EquiformerV2,Standard,TiSe2_400K_Ivor_VASP,400.0,14716,2357.28,0.160185,160.185,torch-sim-0.5.2+fairchem-1.10.0-force-only,/home/mjgawkowski/Finite-Temperature-MLIP-Benchmark/paper_v2_configs/data/mlip-trajs-torchsim-eager/TiSe2_400K_Ivor_VASP/md_timing_eq-v2-M-omat-force-only.csv
eq-v2-m-omat-force-only,EquiformerV2,Standard,anthracene_293K_Sharma_S,293.0,16000,1490.7,0.093168,93.168,torch-sim-0.5.2+fairchem-1.10.0-force-only,/home/mjgawkowski/Finite-Temperature-MLIP-Benchmark/paper_v2_configs/data/mlip-trajs-torchsim-eager/anthracene_293K_Sharma_S/md_timing_eq-v2-M-omat-force-only.csv
eq-v2-m-omat-force-only,EquiformerV2,Standard,bulkAg_600K_Kapil,600.0,24881,3855.64,0.154963,154.963,torch-sim-0.5.2+fairchem-1.10.0-force-only,/home/mjgawkowski/Finite-Temperature-MLIP-Benchmark/paper_v2_configs/data/mlip-trajs-torchsim-eager/bulkAg_600K_Kapil/md_timing_eq-v2-M-omat-force-only.csv
eq-v2-m-omat-force-only,EquiformerV2,Standard,bulkAu_1500K_Kapil,1500.0,20162,4989.48,0.247469,247.469,torch-sim-0.5.2+fairchem-1.10.0-force-only,/home/mjgawkowski/Finite-Temperature-MLIP-Benchmark/paper_v2_configs/data/mlip-trajs-torchsim-eager/bulkAu_1500K_Kapil/md_timing_eq-v2-M-omat-force-only.csv
eq-v2-m-omat-force-only,EquiformerV2,Standard,bulkCuAu_500K-Artrith_VASP,500.0,1105,199.39,0.180446,180.446,torch-sim-0.5.2+fairchem-1.10.0-force-only,/home/mjgawkowski/Finite-Temperature-MLIP-Benchmark/paper_v2_configs/data/mlip-trajs-torchsim-eager/bulkCuAu_500K-Artrith_VASP/md_timing_eq-v2-M-omat-force-only.csv
eq-v2-m-omat-force-only,EquiformerV2,Standard,bulkCuZrAl_1500K_A.Wadowski-J.Schmidt_VASP,1500.0,2718,547.08,0.201282,201.28199999999998,torch-sim-0.5.2+fairchem-1.10.0-force-only,/home/mjgawkowski/Finite-Temperature-MLIP-Benchmark/paper_v2_configs/data/mlip-trajs-torchsim-eager/bulkCuZrAl_1500K_A.Wadowski-J.Schmidt_VASP/md_timing_eq-v2-M-omat-force-only.csv
eq-v2-m-omat-force-only,EquiformerV2,Standard,bulkCu_1000K_Kapil,1000.0,36007,5728.04,0.159081,159.081,torch-sim-0.5.2+fairchem-1.10.0-force-only,/home/mjgawkowski/Finite-Temperature-MLIP-Benchmark/paper_v2_configs/data/mlip-trajs-torchsim-eager/bulkCu_1000K_Kapil/md_timing_eq-v2-M-omat-force-only.csv
eq-v2-m-omat-force-only,EquiformerV2,Standard,bulkLiMgAlZnSn_600K_J_Schmidt_VASP,600.0,3015,1721.12,0.570852,570.852,torch-sim-0.5.2+fairchem-1.10.0-force-only,/home/mjgawkowski/Finite-Temperature-MLIP-Benchmark/paper_v2_configs/data/mlip-trajs-torchsim-eager/bulkLiMgAlZnSn_600K_J_Schmidt_VASP/md_timing_eq-v2-M-omat-force-only.csv
eq-v2-m-omat-force-only,EquiformerV2,Standard,bulkLiMgAlZnSn_900K_J_Schmidt_VASP,900.0,2181,1243.32,0.570069,570.0690000000001,torch-sim-0.5.2+fairchem-1.10.0-force-only,/home/mjgawkowski/Finite-Temperature-MLIP-Benchmark/paper_v2_configs/data/mlip-trajs-torchsim-eager/bulkLiMgAlZnSn_900K_J_Schmidt_VASP/md_timing_eq-v2-M-omat-force-only.csv
eq-v2-m-omat-force-only,EquiformerV2,Standard,bulkMoS2_300K_NO-VdW_J.Kioseoglou_VASP,300.0,20000,2825.53,0.141277,141.27700000000002,torch-sim-0.5.2+fairchem-1.10.0-force-only,/home/mjgawkowski/Finite-Temperature-MLIP-Benchmark/paper_v2_configs/data/mlip-trajs-torchsim-eager/bulkMoS2_300K_NO-VdW_J.Kioseoglou_VASP/md_timing_eq-v2-M-omat-force-only.csv
eq-v2-m-omat-force-only,EquiformerV2,Standard,bulkPt3Co_300K_J.Kioseoglou_VASP,300.0,20927,3242.43,0.15494,154.94,torch-sim-0.5.2+fairchem-1.10.0-force-only,/home/mjgawkowski/Finite-Temperature-MLIP-Benchmark/paper_v2_configs/data/mlip-trajs-torchsim-eager/bulkPt3Co_300K_J.Kioseoglou_VASP/md_timing_eq-v2-M-omat-force-only.csv
eq-v2-m-omat-force-only,EquiformerV2,Standard,naphthalene_295K_Sharma_S,295.0,7557,1486.26,0.196674,196.67399999999998,torch-sim-0.5.2+fairchem-1.10.0-force-only,/home/mjgawkowski/Finite-Temperature-MLIP-Benchmark/paper_v2_configs/data/mlip-trajs-torchsim-eager/naphthalene_295K_Sharma_S/md_timing_eq-v2-M-omat-force-only.csv
eq-v2-m-omat-force-only,EquiformerV2,Standard,pentacene_295K_Sharma_S,295.0,15579,1864.36,0.119671,119.671,torch-sim-0.5.2+fairchem-1.10.0-force-only,/home/mjgawkowski/Finite-Temperature-MLIP-Benchmark/paper_v2_configs/data/mlip-trajs-torchsim-eager/pentacene_295K_Sharma_S/md_timing_eq-v2-M-omat-force-only.csv
eq-v2-m-omat-force-only,EquiformerV2,Standard,picene_295K_Sharma_S,295.0,14151,1689.81,0.119413,119.41300000000001,torch-sim-0.5.2+fairchem-1.10.0-force-only,/home/mjgawkowski/Finite-Temperature-MLIP-Benchmark/paper_v2_configs/data/mlip-trajs-torchsim-eager/picene_295K_Sharma_S/md_timing_eq-v2-M-omat-force-only.csv
eq-v2-m-omat-force-only,EquiformerV2,Standard,tetracene_295K_Sharma_S,295.0,16000,1712.08,0.107005,107.00500000000001,torch-sim-0.5.2+fairchem-1.10.0-force-only,/home/mjgawkowski/Finite-Temperature-MLIP-Benchmark/paper_v2_configs/data/mlip-trajs-torchsim-eager/tetracene_295K_Sharma_S/md_timing_eq-v2-M-omat-force-only.csv
esen-30m-oam-force-only,eSEN-30M-OAM,Standard,CsSnI3_500K_Ivor_VASP,500.0,14758,2079.29,0.140893,140.893,torch-sim-0.5.2+fairchem-1.10.0-force-only,/home/mjgawkowski/Finite-Temperature-MLIP-Benchmark/paper_v2_configs/data/mlip-trajs-torchsim-eager/CsSnI3_500K_Ivor_VASP/md_timing_eSEN-30M-OAM-force-only.csv
esen-30m-oam-force-only,eSEN-30M-OAM,Standard,MAPbBr3_300K_Ivor_VASP,300.0,60000,13951.01,0.232517,232.517,torch-sim-0.5.2+fairchem-1.10.0-force-only,/home/mjgawkowski/Finite-Temperature-MLIP-Benchmark/paper_v2_configs/data/mlip-trajs-torchsim-eager/MAPbBr3_300K_Ivor_VASP/md_timing_eSEN-30M-OAM-force-only.csv
esen-30m-oam-force-only,eSEN-30M-OAM,Standard,Pt111w24H2O_380K_Heenen_VASP,380.0,3843,150.25,0.039098,39.098,torch-sim-0.5.2+fairchem-1.10.0-force-only,/home/mjgawkowski/Finite-Temperature-MLIP-Benchmark/paper_v2_configs/data/mlip-trajs-torchsim-eager/Pt111w24H2O_380K_Heenen_VASP/md_timing_eSEN-30M-OAM-force-only.csv
esen-30m-oam-force-only,eSEN-30M-OAM,Standard,TiSe2_400K_Ivor_VASP,400.0,14716,2544.61,0.172915,172.91500000000002,torch-sim-0.5.2+fairchem-1.10.0-force-only,/home/mjgawkowski/Finite-Temperature-MLIP-Benchmark/paper_v2_configs/data/mlip-trajs-torchsim-eager/TiSe2_400K_Ivor_VASP/md_timing_eSEN-30M-OAM-force-only.csv
esen-30m-oam-force-only,eSEN-30M-OAM,Standard,anthracene_293K_Sharma_S,293.0,16000,3726.32,0.232895,232.89499999999998,torch-sim-0.5.2+fairchem-1.10.0-force-only,/home/mjgawkowski/Finite-Temperature-MLIP-Benchmark/paper_v2_configs/data/mlip-trajs-torchsim-eager/anthracene_293K_Sharma_S/md_timing_eSEN-30M-OAM-force-only.csv
esen-30m-oam-force-only,eSEN-30M-OAM,Standard,bulkAg_600K_Kapil,600.0,24881,7232.89,0.2907,290.7,torch-sim-0.5.2+fairchem-1.10.0-force-only,/home/mjgawkowski/Finite-Temperature-MLIP-Benchmark/paper_v2_configs/data/mlip-trajs-torchsim-eager/bulkAg_600K_Kapil/md_timing_eSEN-30M-OAM-force-only.csv
esen-30m-oam-force-only,eSEN-30M-OAM,Standard,bulkAu_1500K_Kapil,1500.0,20162,9392.78,0.465866,465.866,torch-sim-0.5.2+fairchem-1.10.0-force-only,/home/mjgawkowski/Finite-Temperature-MLIP-Benchmark/paper_v2_configs/data/mlip-trajs-torchsim-eager/bulkAu_1500K_Kapil/md_timing_eSEN-30M-OAM-force-only.csv
esen-30m-oam-force-only,eSEN-30M-OAM,Standard,bulkCuAu_500K-Artrith_VASP,500.0,1105,424.31,0.383995,383.99499999999995,torch-sim-0.5.2+fairchem-1.10.0-force-only,/home/mjgawkowski/Finite-Temperature-MLIP-Benchmark/paper_v2_configs/data/mlip-trajs-torchsim-eager/bulkCuAu_500K-Artrith_VASP/md_timing_eSEN-30M-OAM-force-only.csv
esen-30m-oam-force-only,eSEN-30M-OAM,Standard,bulkCuZrAl_1500K_A.Wadowski-J.Schmidt_VASP,1500.0,2718,1159.12,0.426459,426.459,torch-sim-0.5.2+fairchem-1.10.0-force-only,/home/mjgawkowski/Finite-Temperature-MLIP-Benchmark/paper_v2_configs/data/mlip-trajs-torchsim-eager/bulkCuZrAl_1500K_A.Wadowski-J.Schmidt_VASP/md_timing_eSEN-30M-OAM-force-only.csv
esen-30m-oam-force-only,eSEN-30M-OAM,Standard,bulkCu_1000K_Kapil,1000.0,36007,13965.9,0.387866,387.866,torch-sim-0.5.2+fairchem-1.10.0-force-only,/home/mjgawkowski/Finite-Temperature-MLIP-Benchmark/paper_v2_configs/data/mlip-trajs-torchsim-eager/bulkCu_1000K_Kapil/md_timing_eSEN-30M-OAM-force-only.csv
esen-30m-oam-force-only,eSEN-30M-OAM,Standard,bulkLiMgAlZnSn_600K_J_Schmidt_VASP,600.0,3015,3073.18,1.019298,1019.298,torch-sim-0.5.2+fairchem-1.10.0-force-only,/home/mjgawkowski/Finite-Temperature-MLIP-Benchmark/paper_v2_configs/data/mlip-trajs-torchsim-eager/bulkLiMgAlZnSn_600K_J_Schmidt_VASP/md_timing_eSEN-30M-OAM-force-only.csv
esen-30m-oam-force-only,eSEN-30M-OAM,Standard,bulkLiMgAlZnSn_900K_J_Schmidt_VASP,900.0,2181,2215.09,1.015629,1015.6289999999999,torch-sim-0.5.2+fairchem-1.10.0-force-only,/home/mjgawkowski/Finite-Temperature-MLIP-Benchmark/paper_v2_configs/data/mlip-trajs-torchsim-eager/bulkLiMgAlZnSn_900K_J_Schmidt_VASP/md_timing_eSEN-30M-OAM-force-only.csv
esen-30m-oam-force-only,eSEN-30M-OAM,Standard,bulkMoS2_300K_NO-VdW_J.Kioseoglou_VASP,300.0,20000,4998.88,0.249944,249.944,torch-sim-0.5.2+fairchem-1.10.0-force-only,/home/mjgawkowski/Finite-Temperature-MLIP-Benchmark/paper_v2_configs/data/mlip-trajs-torchsim-eager/bulkMoS2_300K_NO-VdW_J.Kioseoglou_VASP/md_timing_eSEN-30M-OAM-force-only.csv
esen-30m-oam-force-only,eSEN-30M-OAM,Standard,bulkPt3Co_300K_J.Kioseoglou_VASP,300.0,20927,6695.76,0.319958,319.958,torch-sim-0.5.2+fairchem-1.10.0-force-only,/home/mjgawkowski/Finite-Temperature-MLIP-Benchmark/paper_v2_configs/data/mlip-trajs-torchsim-eager/bulkPt3Co_300K_J.Kioseoglou_VASP/md_timing_eSEN-30M-OAM-force-only.csv
esen-30m-oam-force-only,eSEN-30M-OAM,Standard,naphthalene_295K_Sharma_S,295.0,7557,4551.65,0.602309,602.309,torch-sim-0.5.2+fairchem-1.10.0-force-only,/home/mjgawkowski/Finite-Temperature-MLIP-Benchmark/paper_v2_configs/data/mlip-trajs-torchsim-eager/naphthalene_295K_Sharma_S/md_timing_eSEN-30M-OAM-force-only.csv
esen-30m-oam-force-only,eSEN-30M-OAM,Standard,pentacene_295K_Sharma_S,295.0,15579,5093.82,0.326967,326.967,torch-sim-0.5.2+fairchem-1.10.0-force-only,/home/mjgawkowski/Finite-Temperature-MLIP-Benchmark/paper_v2_configs/data/mlip-trajs-torchsim-eager/pentacene_295K_Sharma_S/md_timing_eSEN-30M-OAM-force-only.csv
esen-30m-oam-force-only,eSEN-30M-OAM,Standard,picene_295K_Sharma_S,295.0,14151,4654.76,0.328935,328.935,torch-sim-0.5.2+fairchem-1.10.0-force-only,/home/mjgawkowski/Finite-Temperature-MLIP-Benchmark/paper_v2_configs/data/mlip-trajs-torchsim-eager/picene_295K_Sharma_S/md_timing_eSEN-30M-OAM-force-only.csv
esen-30m-oam-force-only,eSEN-30M-OAM,Standard,tetracene_295K_Sharma_S,295.0,16000,4506.78,0.281674,281.674,torch-sim-0.5.2+fairchem-1.10.0-force-only,/home/mjgawkowski/Finite-Temperature-MLIP-Benchmark/paper_v2_configs/data/mlip-trajs-torchsim-eager/tetracene_295K_Sharma_S/md_timing_eSEN-30M-OAM-force-only.csv
grace-mp,GRACE-2L-MPtrj,Accelerated,CsSnI3_500K_Ivor_VASP,500.0,14758,329.73,0.022343,22.343,torch-sim-0.6.1+xla-dlpack-force-only,/home/mjgawkowski/Finite-Temperature-MLIP-Benchmark/paper_v2_configs/data/mlip-trajs-torchsim-accelerated/CsSnI3_500K_Ivor_VASP/md_timing_grace-mp.csv
grace-mp,GRACE-2L-MPtrj,Accelerated,H_1050K_Rupp_QE,1050.0,1784,763.0,0.427692,427.692,torch-sim-0.6.1+xla-dlpack-force-only,/home/mjgawkowski/Finite-Temperature-MLIP-Benchmark/paper_v2_configs/data/mlip-trajs-torchsim-accelerated/H_1050K_Rupp_QE/md_timing_grace-mp.csv
grace-mp,GRACE-2L-MPtrj,Accelerated,MAPbBr3_300K_Ivor_VASP,300.0,60000,1288.89,0.021481,21.481,torch-sim-0.6.1+xla-dlpack-force-only,/home/mjgawkowski/Finite-Temperature-MLIP-Benchmark/paper_v2_configs/data/mlip-trajs-torchsim-accelerated/MAPbBr3_300K_Ivor_VASP/md_timing_grace-mp.csv
grace-mp,GRACE-2L-MPtrj,Accelerated,Pt111w24H2O_380K_Heenen_VASP,380.0,3843,95.98,0.024975,24.975,torch-sim-0.6.1+xla-dlpack-force-only,/home/mjgawkowski/Finite-Temperature-MLIP-Benchmark/paper_v2_configs/data/mlip-trajs-torchsim-accelerated/Pt111w24H2O_380K_Heenen_VASP/md_timing_grace-mp.csv
grace-mp,GRACE-2L-MPtrj,Accelerated,TiSe2_400K_Ivor_VASP,400.0,14716,317.98,0.021607,21.607000000000003,torch-sim-0.6.1+xla-dlpack-force-only,/home/mjgawkowski/Finite-Temperature-MLIP-Benchmark/paper_v2_configs/data/mlip-trajs-torchsim-accelerated/TiSe2_400K_Ivor_VASP/md_timing_grace-mp.csv
grace-mp,GRACE-2L-MPtrj,Accelerated,anthracene_293K_Sharma_S,293.0,16000,301.33,0.018833,18.833,torch-sim-0.6.1+xla-dlpack-force-only,/home/mjgawkowski/Finite-Temperature-MLIP-Benchmark/paper_v2_configs/data/mlip-trajs-torchsim-accelerated/anthracene_293K_Sharma_S/md_timing_grace-mp.csv
grace-mp,GRACE-2L-MPtrj,Accelerated,bulkAg_600K_Kapil,600.0,24881,608.31,0.024449,24.448999999999998,torch-sim-0.6.1+xla-dlpack-force-only,/home/mjgawkowski/Finite-Temperature-MLIP-Benchmark/paper_v2_configs/data/mlip-trajs-torchsim-accelerated/bulkAg_600K_Kapil/md_timing_grace-mp.csv
grace-mp,GRACE-2L-MPtrj,Accelerated,bulkAu_1500K_Kapil,1500.0,20162,693.2,0.034381,34.381,torch-sim-0.6.1+xla-dlpack-force-only,/home/mjgawkowski/Finite-Temperature-MLIP-Benchmark/paper_v2_configs/data/mlip-trajs-torchsim-accelerated/bulkAu_1500K_Kapil/md_timing_grace-mp.csv
grace-mp,GRACE-2L-MPtrj,Accelerated,bulkCuAu_500K-Artrith_VASP,500.0,1105,36.93,0.033419,33.419,torch-sim-0.6.1+xla-dlpack-force-only,/home/mjgawkowski/Finite-Temperature-MLIP-Benchmark/paper_v2_configs/data/mlip-trajs-torchsim-accelerated/bulkCuAu_500K-Artrith_VASP/md_timing_grace-mp.csv
grace-mp,GRACE-2L-MPtrj,Accelerated,bulkCuZrAl_1500K_A.Wadowski-J.Schmidt_VASP,1500.0,2718,89.21,0.032821,32.821000000000005,torch-sim-0.6.1+xla-dlpack-force-only,/home/mjgawkowski/Finite-Temperature-MLIP-Benchmark/paper_v2_configs/data/mlip-trajs-torchsim-accelerated/bulkCuZrAl_1500K_A.Wadowski-J.Schmidt_VASP/md_timing_grace-mp.csv
grace-mp,GRACE-2L-MPtrj,Accelerated,bulkCu_1000K_Kapil,1000.0,36007,1144.09,0.031774,31.773999999999997,torch-sim-0.6.1+xla-dlpack-force-only,/home/mjgawkowski/Finite-Temperature-MLIP-Benchmark/paper_v2_configs/data/mlip-trajs-torchsim-accelerated/bulkCu_1000K_Kapil/md_timing_grace-mp.csv
grace-mp,GRACE-2L-MPtrj,Accelerated,bulkLiMgAlZnSn_600K_J_Schmidt_VASP,600.0,3015,181.31,0.060136,60.136,torch-sim-0.6.1+xla-dlpack-force-only,/home/mjgawkowski/Finite-Temperature-MLIP-Benchmark/paper_v2_configs/data/mlip-trajs-torchsim-accelerated/bulkLiMgAlZnSn_600K_J_Schmidt_VASP/md_timing_grace-mp.csv
grace-mp,GRACE-2L-MPtrj,Accelerated,bulkLiMgAlZnSn_900K_J_Schmidt_VASP,900.0,2181,130.86,0.060002,60.002,torch-sim-0.6.1+xla-dlpack-force-only,/home/mjgawkowski/Finite-Temperature-MLIP-Benchmark/paper_v2_configs/data/mlip-trajs-torchsim-accelerated/bulkLiMgAlZnSn_900K_J_Schmidt_VASP/md_timing_grace-mp.csv
grace-mp,GRACE-2L-MPtrj,Accelerated,bulkMoS2_300K_NO-VdW_J.Kioseoglou_VASP,300.0,20000,478.2,0.02391,23.91,torch-sim-0.6.1+xla-dlpack-force-only,/home/mjgawkowski/Finite-Temperature-MLIP-Benchmark/paper_v2_configs/data/mlip-trajs-torchsim-accelerated/bulkMoS2_300K_NO-VdW_J.Kioseoglou_VASP/md_timing_grace-mp.csv
grace-mp,GRACE-2L-MPtrj,Accelerated,bulkPt3Co_300K_J.Kioseoglou_VASP,300.0,20927,666.6,0.031854,31.854,torch-sim-0.6.1+xla-dlpack-force-only,/home/mjgawkowski/Finite-Temperature-MLIP-Benchmark/paper_v2_configs/data/mlip-trajs-torchsim-accelerated/bulkPt3Co_300K_J.Kioseoglou_VASP/md_timing_grace-mp.csv
grace-mp,GRACE-2L-MPtrj,Accelerated,naphthalene_295K_Sharma_S,295.0,7557,384.45,0.050874,50.874,torch-sim-0.6.1+xla-dlpack-force-only,/home/mjgawkowski/Finite-Temperature-MLIP-Benchmark/paper_v2_configs/data/mlip-trajs-torchsim-accelerated/naphthalene_295K_Sharma_S/md_timing_grace-mp.csv
grace-mp,GRACE-2L-MPtrj,Accelerated,pentacene_295K_Sharma_S,295.0,15579,494.76,0.031758,31.758000000000003,torch-sim-0.6.1+xla-dlpack-force-only,/home/mjgawkowski/Finite-Temperature-MLIP-Benchmark/paper_v2_configs/data/mlip-trajs-torchsim-accelerated/pentacene_295K_Sharma_S/md_timing_grace-mp.csv
grace-mp,GRACE-2L-MPtrj,Accelerated,picene_295K_Sharma_S,295.0,14151,441.99,0.031234,31.234,torch-sim-0.6.1+xla-dlpack-force-only,/home/mjgawkowski/Finite-Temperature-MLIP-Benchmark/paper_v2_configs/data/mlip-trajs-torchsim-accelerated/picene_295K_Sharma_S/md_timing_grace-mp.csv
grace-mp,GRACE-2L-MPtrj,Accelerated,tetracene_295K_Sharma_S,295.0,16000,380.09,0.023756,23.756,torch-sim-0.6.1+xla-dlpack-force-only,/home/mjgawkowski/Finite-Temperature-MLIP-Benchmark/paper_v2_configs/data/mlip-trajs-torchsim-accelerated/tetracene_295K_Sharma_S/md_timing_grace-mp.csv
grace-oam-force-only-compiled,GRACE-2L-OAM,Accelerated,CsSnI3_500K_Ivor_VASP,500.0,14758,232.96,0.015785,15.785,torch-sim-0.6.1+tf-compiled-dlpack-force-only,/home/mjgawkowski/Finite-Temperature-MLIP-Benchmark/paper_v2_configs/data/mlip-trajs-torchsim-accelerated/CsSnI3_500K_Ivor_VASP/md_timing_grace-oam-force-only-compiled.csv
grace-oam-force-only-compiled,GRACE-2L-OAM,Accelerated,H_1050K_Rupp_QE,1050.0,1784,265.83,0.149005,149.005,torch-sim-0.6.1+tf-compiled-dlpack-force-only,/home/mjgawkowski/Finite-Temperature-MLIP-Benchmark/paper_v2_configs/data/mlip-trajs-torchsim-accelerated/H_1050K_Rupp_QE/md_timing_grace-oam-force-only-compiled.csv
grace-oam-force-only-compiled,GRACE-2L-OAM,Accelerated,MAPbBr3_300K_Ivor_VASP,300.0,60000,880.17,0.01467,14.67,torch-sim-0.6.1+tf-compiled-dlpack-force-only,/home/mjgawkowski/Finite-Temperature-MLIP-Benchmark/paper_v2_configs/data/mlip-trajs-torchsim-accelerated/MAPbBr3_300K_Ivor_VASP/md_timing_grace-oam-force-only-compiled.csv
grace-oam-force-only-compiled,GRACE-2L-OAM,Accelerated,Pt111w24H2O_380K_Heenen_VASP,380.0,3843,66.57,0.017322,17.322,torch-sim-0.6.1+tf-compiled-dlpack-force-only,/home/mjgawkowski/Finite-Temperature-MLIP-Benchmark/paper_v2_configs/data/mlip-trajs-torchsim-accelerated/Pt111w24H2O_380K_Heenen_VASP/md_timing_grace-oam-force-only-compiled.csv
grace-oam-force-only-compiled,GRACE-2L-OAM,Accelerated,TiSe2_400K_Ivor_VASP,400.0,14716,217.14,0.014756,14.756,torch-sim-0.6.1+tf-compiled-dlpack-force-only,/home/mjgawkowski/Finite-Temperature-MLIP-Benchmark/paper_v2_configs/data/mlip-trajs-torchsim-accelerated/TiSe2_400K_Ivor_VASP/md_timing_grace-oam-force-only-compiled.csv
grace-oam-force-only-compiled,GRACE-2L-OAM,Accelerated,anthracene_293K_Sharma_S,293.0,16000,188.06,0.011754,11.754000000000001,torch-sim-0.6.1+tf-compiled-dlpack-force-only,/home/mjgawkowski/Finite-Temperature-MLIP-Benchmark/paper_v2_configs/data/mlip-trajs-torchsim-accelerated/anthracene_293K_Sharma_S/md_timing_grace-oam-force-only-compiled.csv
grace-oam-force-only-compiled,GRACE-2L-OAM,Accelerated,bulkAg_600K_Kapil,600.0,24881,375.21,0.01508,15.08,torch-sim-0.6.1+tf-compiled-dlpack-force-only,/home/mjgawkowski/Finite-Temperature-MLIP-Benchmark/paper_v2_configs/data/mlip-trajs-torchsim-accelerated/bulkAg_600K_Kapil/md_timing_grace-oam-force-only-compiled.csv
grace-oam-force-only-compiled,GRACE-2L-OAM,Accelerated,bulkAu_1500K_Kapil,1500.0,20162,365.84,0.018145,18.145000000000003,torch-sim-0.6.1+tf-compiled-dlpack-force-only,/home/mjgawkowski/Finite-Temperature-MLIP-Benchmark/paper_v2_configs/data/mlip-trajs-torchsim-accelerated/bulkAu_1500K_Kapil/md_timing_grace-oam-force-only-compiled.csv
grace-oam-force-only-compiled,GRACE-2L-OAM,Accelerated,bulkCuAu_500K-Artrith_VASP,500.0,1105,19.46,0.01761,17.61,torch-sim-0.6.1+tf-compiled-dlpack-force-only,/home/mjgawkowski/Finite-Temperature-MLIP-Benchmark/paper_v2_configs/data/mlip-trajs-torchsim-accelerated/bulkCuAu_500K-Artrith_VASP/md_timing_grace-oam-force-only-compiled.csv
grace-oam-force-only-compiled,GRACE-2L-OAM,Accelerated,bulkCuZrAl_1500K_A.Wadowski-J.Schmidt_VASP,1500.0,2718,47.51,0.01748,17.48,torch-sim-0.6.1+tf-compiled-dlpack-force-only,/home/mjgawkowski/Finite-Temperature-MLIP-Benchmark/paper_v2_configs/data/mlip-trajs-torchsim-accelerated/bulkCuZrAl_1500K_A.Wadowski-J.Schmidt_VASP/md_timing_grace-oam-force-only-compiled.csv
grace-oam-force-only-compiled,GRACE-2L-OAM,Accelerated,bulkCu_1000K_Kapil,1000.0,36007,590.98,0.016413,16.413,torch-sim-0.6.1+tf-compiled-dlpack-force-only,/home/mjgawkowski/Finite-Temperature-MLIP-Benchmark/paper_v2_configs/data/mlip-trajs-torchsim-accelerated/bulkCu_1000K_Kapil/md_timing_grace-oam-force-only-compiled.csv
grace-oam-force-only-compiled,GRACE-2L-OAM,Accelerated,bulkLiMgAlZnSn_600K_J_Schmidt_VASP,600.0,3015,90.54,0.030031,30.031,torch-sim-0.6.1+tf-compiled-dlpack-force-only,/home/mjgawkowski/Finite-Temperature-MLIP-Benchmark/paper_v2_configs/data/mlip-trajs-torchsim-accelerated/bulkLiMgAlZnSn_600K_J_Schmidt_VASP/md_timing_grace-oam-force-only-compiled.csv
grace-oam-force-only-compiled,GRACE-2L-OAM,Accelerated,bulkLiMgAlZnSn_900K_J_Schmidt_VASP,900.0,2181,64.93,0.029769,29.769000000000002,torch-sim-0.6.1+tf-compiled-dlpack-force-only,/home/mjgawkowski/Finite-Temperature-MLIP-Benchmark/paper_v2_configs/data/mlip-trajs-torchsim-accelerated/bulkLiMgAlZnSn_900K_J_Schmidt_VASP/md_timing_grace-oam-force-only-compiled.csv
grace-oam-force-only-compiled,GRACE-2L-OAM,Accelerated,bulkMoS2_300K_NO-VdW_J.Kioseoglou_VASP,300.0,20000,289.84,0.014492,14.491999999999999,torch-sim-0.6.1+tf-compiled-dlpack-force-only,/home/mjgawkowski/Finite-Temperature-MLIP-Benchmark/paper_v2_configs/data/mlip-trajs-torchsim-accelerated/bulkMoS2_300K_NO-VdW_J.Kioseoglou_VASP/md_timing_grace-oam-force-only-compiled.csv
grace-oam-force-only-compiled,GRACE-2L-OAM,Accelerated,bulkPt3Co_300K_J.Kioseoglou_VASP,300.0,20927,349.71,0.016711,16.711,torch-sim-0.6.1+tf-compiled-dlpack-force-only,/home/mjgawkowski/Finite-Temperature-MLIP-Benchmark/paper_v2_configs/data/mlip-trajs-torchsim-accelerated/bulkPt3Co_300K_J.Kioseoglou_VASP/md_timing_grace-oam-force-only-compiled.csv
grace-oam-force-only-compiled,GRACE-2L-OAM,Accelerated,naphthalene_295K_Sharma_S,295.0,7557,185.69,0.024572,24.572,torch-sim-0.6.1+tf-compiled-dlpack-force-only,/home/mjgawkowski/Finite-Temperature-MLIP-Benchmark/paper_v2_configs/data/mlip-trajs-torchsim-accelerated/naphthalene_295K_Sharma_S/md_timing_grace-oam-force-only-compiled.csv
grace-oam-force-only-compiled,GRACE-2L-OAM,Accelerated,pentacene_295K_Sharma_S,295.0,15579,260.95,0.01675,16.75,torch-sim-0.6.1+tf-compiled-dlpack-force-only,/home/mjgawkowski/Finite-Temperature-MLIP-Benchmark/paper_v2_configs/data/mlip-trajs-torchsim-accelerated/pentacene_295K_Sharma_S/md_timing_grace-oam-force-only-compiled.csv
grace-oam-force-only-compiled,GRACE-2L-OAM,Accelerated,picene_295K_Sharma_S,295.0,14151,232.22,0.01641,16.41,torch-sim-0.6.1+tf-compiled-dlpack-force-only,/home/mjgawkowski/Finite-Temperature-MLIP-Benchmark/paper_v2_configs/data/mlip-trajs-torchsim-accelerated/picene_295K_Sharma_S/md_timing_grace-oam-force-only-compiled.csv
grace-oam-force-only-compiled,GRACE-2L-OAM,Accelerated,tetracene_295K_Sharma_S,295.0,16000,238.85,0.014928,14.928,torch-sim-0.6.1+tf-compiled-dlpack-force-only,/home/mjgawkowski/Finite-Temperature-MLIP-Benchmark/paper_v2_configs/data/mlip-trajs-torchsim-accelerated/tetracene_295K_Sharma_S/md_timing_grace-oam-force-only-compiled.csv
grace-oam-force-only-eager,GRACE-2L-OAM,Standard,CsSnI3_500K_Ivor_VASP,500.0,14758,2943.34,0.199441,199.441,torch-sim-0.6.1+tf-eager-dlpack-force-only,/home/mjgawkowski/Finite-Temperature-MLIP-Benchmark/paper_v2_configs/data/mlip-trajs-torchsim-eager/CsSnI3_500K_Ivor_VASP/md_timing_grace-oam-force-only-eager.csv
grace-oam-force-only-eager,GRACE-2L-OAM,Standard,MAPbBr3_300K_Ivor_VASP,300.0,60000,11869.17,0.19782,197.82,torch-sim-0.6.1+tf-eager-dlpack-force-only,/home/mjgawkowski/Finite-Temperature-MLIP-Benchmark/paper_v2_configs/data/mlip-trajs-torchsim-eager/MAPbBr3_300K_Ivor_VASP/md_timing_grace-oam-force-only-eager.csv
grace-oam-force-only-eager,GRACE-2L-OAM,Standard,TiSe2_400K_Ivor_VASP,400.0,14716,2893.82,0.196645,196.64499999999998,torch-sim-0.6.1+tf-eager-dlpack-force-only,/home/mjgawkowski/Finite-Temperature-MLIP-Benchmark/paper_v2_configs/data/mlip-trajs-torchsim-eager/TiSe2_400K_Ivor_VASP/md_timing_grace-oam-force-only-eager.csv
grace-oam-force-only-eager,GRACE-2L-OAM,Standard,anthracene_293K_Sharma_S,293.0,16000,2948.61,0.184288,184.288,torch-sim-0.6.1+tf-eager-dlpack-force-only,/home/mjgawkowski/Finite-Temperature-MLIP-Benchmark/paper_v2_configs/data/mlip-trajs-torchsim-eager/anthracene_293K_Sharma_S/md_timing_grace-oam-force-only-eager.csv
grace-oam-force-only-eager,GRACE-2L-OAM,Standard,bulkAg_600K_Kapil,600.0,24881,4989.22,0.200523,200.523,torch-sim-0.6.1+tf-eager-dlpack-force-only,/home/mjgawkowski/Finite-Temperature-MLIP-Benchmark/paper_v2_configs/data/mlip-trajs-torchsim-eager/bulkAg_600K_Kapil/md_timing_grace-oam-force-only-eager.csv
grace-oam-force-only-eager,GRACE-2L-OAM,Standard,bulkAu_1500K_Kapil,1500.0,20162,4689.07,0.23257,232.57,torch-sim-0.6.1+tf-eager-dlpack-force-only,/home/mjgawkowski/Finite-Temperature-MLIP-Benchmark/paper_v2_configs/data/mlip-trajs-torchsim-eager/bulkAu_1500K_Kapil/md_timing_grace-oam-force-only-eager.csv
grace-oam-force-only-eager,GRACE-2L-OAM,Standard,bulkCuAu_500K-Artrith_VASP,500.0,1105,232.18,0.21012,210.12,torch-sim-0.6.1+tf-eager-dlpack-force-only,/home/mjgawkowski/Finite-Temperature-MLIP-Benchmark/paper_v2_configs/data/mlip-trajs-torchsim-eager/bulkCuAu_500K-Artrith_VASP/md_timing_grace-oam-force-only-eager.csv
grace-oam-force-only-eager,GRACE-2L-OAM,Standard,bulkCuZrAl_1500K_A.Wadowski-J.Schmidt_VASP,1500.0,2718,589.05,0.216722,216.722,torch-sim-0.6.1+tf-eager-dlpack-force-only,/home/mjgawkowski/Finite-Temperature-MLIP-Benchmark/paper_v2_configs/data/mlip-trajs-torchsim-eager/bulkCuZrAl_1500K_A.Wadowski-J.Schmidt_VASP/md_timing_grace-oam-force-only-eager.csv
grace-oam-force-only-eager,GRACE-2L-OAM,Standard,bulkCu_1000K_Kapil,1000.0,36007,7413.29,0.205885,205.88500000000002,torch-sim-0.6.1+tf-eager-dlpack-force-only,/home/mjgawkowski/Finite-Temperature-MLIP-Benchmark/paper_v2_configs/data/mlip-trajs-torchsim-eager/bulkCu_1000K_Kapil/md_timing_grace-oam-force-only-eager.csv
grace-oam-force-only-eager,GRACE-2L-OAM,Standard,bulkLiMgAlZnSn_600K_J_Schmidt_VASP,600.0,3015,1070.36,0.355011,355.011,torch-sim-0.6.1+tf-eager-dlpack-force-only,/home/mjgawkowski/Finite-Temperature-MLIP-Benchmark/paper_v2_configs/data/mlip-trajs-torchsim-eager/bulkLiMgAlZnSn_600K_J_Schmidt_VASP/md_timing_grace-oam-force-only-eager.csv
grace-oam-force-only-eager,GRACE-2L-OAM,Standard,bulkLiMgAlZnSn_900K_J_Schmidt_VASP,900.0,2181,775.73,0.355676,355.676,torch-sim-0.6.1+tf-eager-dlpack-force-only,/home/mjgawkowski/Finite-Temperature-MLIP-Benchmark/paper_v2_configs/data/mlip-trajs-torchsim-eager/bulkLiMgAlZnSn_900K_J_Schmidt_VASP/md_timing_grace-oam-force-only-eager.csv
grace-oam-force-only-eager,GRACE-2L-OAM,Standard,bulkMoS2_300K_NO-VdW_J.Kioseoglou_VASP,300.0,20000,3856.5,0.192825,192.825,torch-sim-0.6.1+tf-eager-dlpack-force-only,/home/mjgawkowski/Finite-Temperature-MLIP-Benchmark/paper_v2_configs/data/mlip-trajs-torchsim-eager/bulkMoS2_300K_NO-VdW_J.Kioseoglou_VASP/md_timing_grace-oam-force-only-eager.csv
grace-oam-force-only-eager,GRACE-2L-OAM,Standard,bulkPt3Co_300K_J.Kioseoglou_VASP,300.0,20927,4168.11,0.199174,199.17399999999998,torch-sim-0.6.1+tf-eager-dlpack-force-only,/home/mjgawkowski/Finite-Temperature-MLIP-Benchmark/paper_v2_configs/data/mlip-trajs-torchsim-eager/bulkPt3Co_300K_J.Kioseoglou_VASP/md_timing_grace-oam-force-only-eager.csv
grace-oam-force-only-eager,GRACE-2L-OAM,Standard,naphthalene_295K_Sharma_S,295.0,7557,1737.12,0.229869,229.869,torch-sim-0.6.1+tf-eager-dlpack-force-only,/home/mjgawkowski/Finite-Temperature-MLIP-Benchmark/paper_v2_configs/data/mlip-trajs-torchsim-eager/naphthalene_295K_Sharma_S/md_timing_grace-oam-force-only-eager.csv
grace-oam-force-only-eager,GRACE-2L-OAM,Standard,pentacene_295K_Sharma_S,295.0,15579,3030.32,0.194513,194.513,torch-sim-0.6.1+tf-eager-dlpack-force-only,/home/mjgawkowski/Finite-Temperature-MLIP-Benchmark/paper_v2_configs/data/mlip-trajs-torchsim-eager/pentacene_295K_Sharma_S/md_timing_grace-oam-force-only-eager.csv
grace-oam-force-only-eager,GRACE-2L-OAM,Standard,picene_295K_Sharma_S,295.0,14151,2776.95,0.196237,196.237,torch-sim-0.6.1+tf-eager-dlpack-force-only,/home/mjgawkowski/Finite-Temperature-MLIP-Benchmark/paper_v2_configs/data/mlip-trajs-torchsim-eager/picene_295K_Sharma_S/md_timing_grace-oam-force-only-eager.csv
grace-oam-force-only-eager,GRACE-2L-OAM,Standard,tetracene_295K_Sharma_S,295.0,16000,3095.38,0.193461,193.46099999999998,torch-sim-0.6.1+tf-eager-dlpack-force-only,/home/mjgawkowski/Finite-Temperature-MLIP-Benchmark/paper_v2_configs/data/mlip-trajs-torchsim-eager/tetracene_295K_Sharma_S/md_timing_grace-oam-force-only-eager.csv
mace-mh-omat,MACE-MH-1-OMAT,Compile,CsSnI3_500K_Ivor_VASP,500.0,14758,409.26,0.027731,27.730999999999998,torch-sim-0.6.1+cueq+compile-reduce-overhead,/home/mjgawkowski/Finite-Temperature-MLIP-Benchmark/paper_v2_configs/data/mlip-trajs-torchsim-accelerated/CsSnI3_500K_Ivor_VASP/md_timing_mace-mh-omat-compile.csv
mace-mh-omat,MACE-MH-1-OMAT,Compile,H_1050K_Rupp_QE,1050.0,1784,304.19,0.17051,170.51,torch-sim-0.6.1+cueq+compile-reduce-overhead,/home/mjgawkowski/Finite-Temperature-MLIP-Benchmark/paper_v2_configs/data/mlip-trajs-torchsim-accelerated/H_1050K_Rupp_QE/md_timing_mace-mh-omat-compile.csv
mace-mh-omat,MACE-MH-1-OMAT,Compile,MAPbBr3_300K_Ivor_VASP,300.0,60000,8467.27,0.141121,141.121,torch-sim-0.6.1+cueq+compile-reduce-overhead,/home/mjgawkowski/Finite-Temperature-MLIP-Benchmark/paper_v2_configs/data/mlip-trajs-torchsim-accelerated/MAPbBr3_300K_Ivor_VASP/md_timing_mace-mh-omat-compile.csv
mace-mh-omat,MACE-MH-1-OMAT,Compile,Pt111w24H2O_380K_Heenen_VASP,380.0,3843,544.96,0.141806,141.80599999999998,torch-sim-0.6.1+cueq+compile-reduce-overhead,/home/mjgawkowski/Finite-Temperature-MLIP-Benchmark/paper_v2_configs/data/mlip-trajs-torchsim-accelerated/Pt111w24H2O_380K_Heenen_VASP/md_timing_mace-mh-omat-compile.csv
mace-mh-omat,MACE-MH-1-OMAT,Compile,TiSe2_400K_Ivor_VASP,400.0,14716,2078.27,0.141225,141.225,torch-sim-0.6.1+cueq+compile-reduce-overhead,/home/mjgawkowski/Finite-Temperature-MLIP-Benchmark/paper_v2_configs/data/mlip-trajs-torchsim-accelerated/TiSe2_400K_Ivor_VASP/md_timing_mace-mh-omat-compile.csv
mace-mh-omat,MACE-MH-1-OMAT,Compile,anthracene_293K_Sharma_S,293.0,16000,236.05,0.014753,14.753,torch-sim-0.6.1+cueq+compile-reduce-overhead,/home/mjgawkowski/Finite-Temperature-MLIP-Benchmark/paper_v2_configs/data/mlip-trajs-torchsim-accelerated/anthracene_293K_Sharma_S/md_timing_mace-mh-omat-compile.csv
mace-mh-omat,MACE-MH-1-OMAT,Compile,bulkAg_600K_Kapil,600.0,24881,421.13,0.016926,16.926,torch-sim-0.6.1+cueq+compile-reduce-overhead,/home/mjgawkowski/Finite-Temperature-MLIP-Benchmark/paper_v2_configs/data/mlip-trajs-torchsim-accelerated/bulkAg_600K_Kapil/md_timing_mace-mh-omat-compile.csv
mace-mh-omat,MACE-MH-1-OMAT,Compile,bulkAu_1500K_Kapil,1500.0,20162,373.4,0.01852,18.52,torch-sim-0.6.1+cueq+compile-reduce-overhead,/home/mjgawkowski/Finite-Temperature-MLIP-Benchmark/paper_v2_configs/data/mlip-trajs-torchsim-accelerated/bulkAu_1500K_Kapil/md_timing_mace-mh-omat-compile.csv
mace-mh-omat,MACE-MH-1-OMAT,Compile,bulkCuAu_500K-Artrith_VASP,500.0,1105,21.4,0.019366,19.366,torch-sim-0.6.1+cueq+compile-reduce-overhead,/home/mjgawkowski/Finite-Temperature-MLIP-Benchmark/paper_v2_configs/data/mlip-trajs-torchsim-accelerated/bulkCuAu_500K-Artrith_VASP/md_timing_mace-mh-omat-compile.csv
mace-mh-omat,MACE-MH-1-OMAT,Compile,bulkCuZrAl_1500K_A.Wadowski-J.Schmidt_VASP,1500.0,2718,49.51,0.018216,18.216,torch-sim-0.6.1+cueq+compile-reduce-overhead,/home/mjgawkowski/Finite-Temperature-MLIP-Benchmark/paper_v2_configs/data/mlip-trajs-torchsim-accelerated/bulkCuZrAl_1500K_A.Wadowski-J.Schmidt_VASP/md_timing_mace-mh-omat-compile.csv
mace-mh-omat,MACE-MH-1-OMAT,Compile,bulkCu_1000K_Kapil,1000.0,36007,664.36,0.018451,18.450999999999997,torch-sim-0.6.1+cueq+compile-reduce-overhead,/home/mjgawkowski/Finite-Temperature-MLIP-Benchmark/paper_v2_configs/data/mlip-trajs-torchsim-accelerated/bulkCu_1000K_Kapil/md_timing_mace-mh-omat-compile.csv
mace-mh-omat,MACE-MH-1-OMAT,Compile,bulkLiMgAlZnSn_600K_J_Schmidt_VASP,600.0,3015,87.98,0.029179,29.179,torch-sim-0.6.1+cueq+compile-reduce-overhead,/home/mjgawkowski/Finite-Temperature-MLIP-Benchmark/paper_v2_configs/data/mlip-trajs-torchsim-accelerated/bulkLiMgAlZnSn_600K_J_Schmidt_VASP/md_timing_mace-mh-omat-compile.csv
mace-mh-omat,MACE-MH-1-OMAT,Compile,bulkLiMgAlZnSn_900K_J_Schmidt_VASP,900.0,2181,61.78,0.028324,28.323999999999998,torch-sim-0.6.1+cueq+compile-reduce-overhead,/home/mjgawkowski/Finite-Temperature-MLIP-Benchmark/paper_v2_configs/data/mlip-trajs-torchsim-accelerated/bulkLiMgAlZnSn_900K_J_Schmidt_VASP/md_timing_mace-mh-omat-compile.csv
mace-mh-omat,MACE-MH-1-OMAT,Compile,bulkMoS2_300K_NO-VdW_J.Kioseoglou_VASP,300.0,20000,543.15,0.027158,27.158,torch-sim-0.6.1+cueq+compile-reduce-overhead,/home/mjgawkowski/Finite-Temperature-MLIP-Benchmark/paper_v2_configs/data/mlip-trajs-torchsim-accelerated/bulkMoS2_300K_NO-VdW_J.Kioseoglou_VASP/md_timing_mace-mh-omat-compile.csv
mace-mh-omat,MACE-MH-1-OMAT,Compile,bulkPt3Co_300K_J.Kioseoglou_VASP,300.0,20927,587.56,0.028077,28.077,torch-sim-0.6.1+cueq+compile-reduce-overhead,/home/mjgawkowski/Finite-Temperature-MLIP-Benchmark/paper_v2_configs/data/mlip-trajs-torchsim-accelerated/bulkPt3Co_300K_J.Kioseoglou_VASP/md_timing_mace-mh-omat-compile.csv
mace-mh-omat,MACE-MH-1-OMAT,Compile,naphthalene_295K_Sharma_S,295.0,7557,1080.6,0.142994,142.994,torch-sim-0.6.1+cueq+compile-reduce-overhead,/home/mjgawkowski/Finite-Temperature-MLIP-Benchmark/paper_v2_configs/data/mlip-trajs-torchsim-accelerated/naphthalene_295K_Sharma_S/md_timing_mace-mh-omat-compile.csv
mace-mh-omat,MACE-MH-1-OMAT,Compile,pentacene_295K_Sharma_S,295.0,15579,2206.64,0.141642,141.642,torch-sim-0.6.1+cueq+compile-reduce-overhead,/home/mjgawkowski/Finite-Temperature-MLIP-Benchmark/paper_v2_configs/data/mlip-trajs-torchsim-accelerated/pentacene_295K_Sharma_S/md_timing_mace-mh-omat-compile.csv
mace-mh-omat,MACE-MH-1-OMAT,Compile,picene_295K_Sharma_S,295.0,14151,2002.34,0.141498,141.49800000000002,torch-sim-0.6.1+cueq+compile-reduce-overhead,/home/mjgawkowski/Finite-Temperature-MLIP-Benchmark/paper_v2_configs/data/mlip-trajs-torchsim-accelerated/picene_295K_Sharma_S/md_timing_mace-mh-omat-compile.csv
mace-mh-omat,MACE-MH-1-OMAT,Compile,tetracene_295K_Sharma_S,295.0,16000,2271.7,0.141981,141.981,torch-sim-0.6.1+cueq+compile-reduce-overhead,/home/mjgawkowski/Finite-Temperature-MLIP-Benchmark/paper_v2_configs/data/mlip-trajs-torchsim-accelerated/tetracene_295K_Sharma_S/md_timing_mace-mh-omat-compile.csv
mace-mh-omat,MACE-MH-1-OMAT,Standard,CsSnI3_500K_Ivor_VASP,500.0,14758,679.93,0.046072,46.072,torch-sim-0.6.1,/home/mjgawkowski/Finite-Temperature-MLIP-Benchmark/paper_v2_configs/data/mlip-trajs-torchsim-eager/CsSnI3_500K_Ivor_VASP/md_timing_mace-mh-omat.csv
mace-mh-omat,MACE-MH-1-OMAT,Standard,H_1050K_Rupp_QE,1050.0,1784,1172.04,0.656975,656.975,torch-sim-0.6.1,/home/mjgawkowski/Finite-Temperature-MLIP-Benchmark/paper_v2_configs/data/mlip-trajs-torchsim-eager/H_1050K_Rupp_QE/md_timing_mace-mh-omat.csv
mace-mh-omat,MACE-MH-1-OMAT,Standard,MAPbBr3_300K_Ivor_VASP,300.0,60000,2569.15,0.042819,42.819,torch-sim-0.6.1,/home/mjgawkowski/Finite-Temperature-MLIP-Benchmark/paper_v2_configs/data/mlip-trajs-torchsim-eager/MAPbBr3_300K_Ivor_VASP/md_timing_mace-mh-omat.csv
mace-mh-omat,MACE-MH-1-OMAT,Standard,Pt111w24H2O_380K_Heenen_VASP,380.0,3843,188.34,0.049009,49.009,torch-sim-0.6.1,/home/mjgawkowski/Finite-Temperature-MLIP-Benchmark/paper_v2_configs/data/mlip-trajs-torchsim-eager/Pt111w24H2O_380K_Heenen_VASP/md_timing_mace-mh-omat.csv
mace-mh-omat,MACE-MH-1-OMAT,Standard,TiSe2_400K_Ivor_VASP,400.0,14716,615.26,0.041809,41.809,torch-sim-0.6.1,/home/mjgawkowski/Finite-Temperature-MLIP-Benchmark/paper_v2_configs/data/mlip-trajs-torchsim-eager/TiSe2_400K_Ivor_VASP/md_timing_mace-mh-omat.csv
mace-mh-omat,MACE-MH-1-OMAT,Standard,anthracene_293K_Sharma_S,293.0,16000,544.97,0.034061,34.061,torch-sim-0.6.1,/home/mjgawkowski/Finite-Temperature-MLIP-Benchmark/paper_v2_configs/data/mlip-trajs-torchsim-eager/anthracene_293K_Sharma_S/md_timing_mace-mh-omat.csv
mace-mh-omat,MACE-MH-1-OMAT,Standard,bulkAg_600K_Kapil,600.0,24881,1177.85,0.047339,47.339,torch-sim-0.6.1,/home/mjgawkowski/Finite-Temperature-MLIP-Benchmark/paper_v2_configs/data/mlip-trajs-torchsim-eager/bulkAg_600K_Kapil/md_timing_mace-mh-omat.csv
mace-mh-omat,MACE-MH-1-OMAT,Standard,bulkAu_1500K_Kapil,1500.0,20162,1453.61,0.072097,72.097,torch-sim-0.6.1,/home/mjgawkowski/Finite-Temperature-MLIP-Benchmark/paper_v2_configs/data/mlip-trajs-torchsim-eager/bulkAu_1500K_Kapil/md_timing_mace-mh-omat.csv
mace-mh-omat,MACE-MH-1-OMAT,Standard,bulkCuAu_500K-Artrith_VASP,500.0,1105,61.74,0.055871,55.870999999999995,torch-sim-0.6.1,/home/mjgawkowski/Finite-Temperature-MLIP-Benchmark/paper_v2_configs/data/mlip-trajs-torchsim-eager/bulkCuAu_500K-Artrith_VASP/md_timing_mace-mh-omat.csv
mace-mh-omat,MACE-MH-1-OMAT,Standard,bulkCuZrAl_1500K_A.Wadowski-J.Schmidt_VASP,1500.0,2718,168.88,0.062134,62.134,torch-sim-0.6.1,/home/mjgawkowski/Finite-Temperature-MLIP-Benchmark/paper_v2_configs/data/mlip-trajs-torchsim-eager/bulkCuZrAl_1500K_A.Wadowski-J.Schmidt_VASP/md_timing_mace-mh-omat.csv
mace-mh-omat,MACE-MH-1-OMAT,Standard,bulkCu_1000K_Kapil,1000.0,36007,1880.06,0.052214,52.214000000000006,torch-sim-0.6.1,/home/mjgawkowski/Finite-Temperature-MLIP-Benchmark/paper_v2_configs/data/mlip-trajs-torchsim-eager/bulkCu_1000K_Kapil/md_timing_mace-mh-omat.csv
mace-mh-omat,MACE-MH-1-OMAT,Standard,bulkLiMgAlZnSn_600K_J_Schmidt_VASP,600.0,3015,476.02,0.157884,157.884,torch-sim-0.6.1,/home/mjgawkowski/Finite-Temperature-MLIP-Benchmark/paper_v2_configs/data/mlip-trajs-torchsim-eager/bulkLiMgAlZnSn_600K_J_Schmidt_VASP/md_timing_mace-mh-omat.csv
mace-mh-omat,MACE-MH-1-OMAT,Standard,bulkLiMgAlZnSn_900K_J_Schmidt_VASP,900.0,2181,343.01,0.15727,157.26999999999998,torch-sim-0.6.1,/home/mjgawkowski/Finite-Temperature-MLIP-Benchmark/paper_v2_configs/data/mlip-trajs-torchsim-eager/bulkLiMgAlZnSn_900K_J_Schmidt_VASP/md_timing_mace-mh-omat.csv
mace-mh-omat,MACE-MH-1-OMAT,Standard,bulkMoS2_300K_NO-VdW_J.Kioseoglou_VASP,300.0,20000,860.28,0.043014,43.013999999999996,torch-sim-0.6.1,/home/mjgawkowski/Finite-Temperature-MLIP-Benchmark/paper_v2_configs/data/mlip-trajs-torchsim-eager/bulkMoS2_300K_NO-VdW_J.Kioseoglou_VASP/md_timing_mace-mh-omat.csv
mace-mh-omat,MACE-MH-1-OMAT,Standard,bulkPt3Co_300K_J.Kioseoglou_VASP,300.0,20927,1018.83,0.048685,48.685,torch-sim-0.6.1,/home/mjgawkowski/Finite-Temperature-MLIP-Benchmark/paper_v2_configs/data/mlip-trajs-torchsim-eager/bulkPt3Co_300K_J.Kioseoglou_VASP/md_timing_mace-mh-omat.csv
mace-mh-omat,MACE-MH-1-OMAT,Standard,naphthalene_295K_Sharma_S,295.0,7557,538.16,0.071213,71.213,torch-sim-0.6.1,/home/mjgawkowski/Finite-Temperature-MLIP-Benchmark/paper_v2_configs/data/mlip-trajs-torchsim-eager/naphthalene_295K_Sharma_S/md_timing_mace-mh-omat.csv
mace-mh-omat,MACE-MH-1-OMAT,Standard,pentacene_295K_Sharma_S,295.0,15579,697.75,0.044788,44.788000000000004,torch-sim-0.6.1,/home/mjgawkowski/Finite-Temperature-MLIP-Benchmark/paper_v2_configs/data/mlip-trajs-torchsim-eager/pentacene_295K_Sharma_S/md_timing_mace-mh-omat.csv
mace-mh-omat,MACE-MH-1-OMAT,Standard,picene_295K_Sharma_S,295.0,14151,628.43,0.044409,44.409,torch-sim-0.6.1,/home/mjgawkowski/Finite-Temperature-MLIP-Benchmark/paper_v2_configs/data/mlip-trajs-torchsim-eager/picene_295K_Sharma_S/md_timing_mace-mh-omat.csv
mace-mh-omat,MACE-MH-1-OMAT,Standard,tetracene_295K_Sharma_S,295.0,16000,645.85,0.040366,40.366,torch-sim-0.6.1,/home/mjgawkowski/Finite-Temperature-MLIP-Benchmark/paper_v2_configs/data/mlip-trajs-torchsim-eager/tetracene_295K_Sharma_S/md_timing_mace-mh-omat.csv
mace-mp-0,MACE-MP-0,Compile,CsSnI3_500K_Ivor_VASP,500.0,14758,244.45,0.016564,16.564,torch-sim-0.6.1+cueq+compile-reduce-overhead,/home/mjgawkowski/Finite-Temperature-MLIP-Benchmark/paper_v2_configs/data/mlip-trajs-torchsim-accelerated/CsSnI3_500K_Ivor_VASP/md_timing_mace-mp-0-compile.csv
mace-mp-0,MACE-MP-0,Compile,MAPbBr3_300K_Ivor_VASP,300.0,60000,2832.64,0.047211,47.211000000000006,torch-sim-0.6.1+cueq+compile-reduce-overhead,/home/mjgawkowski/Finite-Temperature-MLIP-Benchmark/paper_v2_configs/data/mlip-trajs-torchsim-accelerated/MAPbBr3_300K_Ivor_VASP/md_timing_mace-mp-0-compile.csv
mace-mp-0,MACE-MP-0,Compile,Pt111w24H2O_380K_Heenen_VASP,380.0,3843,183.57,0.047768,47.768,torch-sim-0.6.1+cueq+compile-reduce-overhead,/home/mjgawkowski/Finite-Temperature-MLIP-Benchmark/paper_v2_configs/data/mlip-trajs-torchsim-accelerated/Pt111w24H2O_380K_Heenen_VASP/md_timing_mace-mp-0-compile.csv
mace-mp-0,MACE-MP-0,Compile,TiSe2_400K_Ivor_VASP,400.0,14716,692.4,0.047051,47.051,torch-sim-0.6.1+cueq+compile-reduce-overhead,/home/mjgawkowski/Finite-Temperature-MLIP-Benchmark/paper_v2_configs/data/mlip-trajs-torchsim-accelerated/TiSe2_400K_Ivor_VASP/md_timing_mace-mp-0-compile.csv
mace-mp-0,MACE-MP-0,Compile,anthracene_293K_Sharma_S,293.0,16000,202.93,0.012683,12.683,torch-sim-0.6.1+cueq+compile-reduce-overhead,/home/mjgawkowski/Finite-Temperature-MLIP-Benchmark/paper_v2_configs/data/mlip-trajs-torchsim-accelerated/anthracene_293K_Sharma_S/md_timing_mace-mp-0-compile.csv
mace-mp-0,MACE-MP-0,Compile,bulkAg_600K_Kapil,600.0,24881,362.65,0.014576,14.576,torch-sim-0.6.1+cueq+compile-reduce-overhead,/home/mjgawkowski/Finite-Temperature-MLIP-Benchmark/paper_v2_configs/data/mlip-trajs-torchsim-accelerated/bulkAg_600K_Kapil/md_timing_mace-mp-0-compile.csv
mace-mp-0,MACE-MP-0,Compile,bulkAu_1500K_Kapil,1500.0,20162,309.26,0.015339,15.339,torch-sim-0.6.1+cueq+compile-reduce-overhead,/home/mjgawkowski/Finite-Temperature-MLIP-Benchmark/paper_v2_configs/data/mlip-trajs-torchsim-accelerated/bulkAu_1500K_Kapil/md_timing_mace-mp-0-compile.csv
mace-mp-0,MACE-MP-0,Compile,bulkCuAu_500K-Artrith_VASP,500.0,1105,16.97,0.015356,15.356,torch-sim-0.6.1+cueq+compile-reduce-overhead,/home/mjgawkowski/Finite-Temperature-MLIP-Benchmark/paper_v2_configs/data/mlip-trajs-torchsim-accelerated/bulkCuAu_500K-Artrith_VASP/md_timing_mace-mp-0-compile.csv
mace-mp-0,MACE-MP-0,Compile,bulkCuZrAl_1500K_A.Wadowski-J.Schmidt_VASP,1500.0,2718,40.97,0.015074,15.074,torch-sim-0.6.1+cueq+compile-reduce-overhead,/home/mjgawkowski/Finite-Temperature-MLIP-Benchmark/paper_v2_configs/data/mlip-trajs-torchsim-accelerated/bulkCuZrAl_1500K_A.Wadowski-J.Schmidt_VASP/md_timing_mace-mp-0-compile.csv
mace-mp-0,MACE-MP-0,Compile,bulkCu_1000K_Kapil,1000.0,36007,500.54,0.013901,13.901,torch-sim-0.6.1+cueq+compile-reduce-overhead,/home/mjgawkowski/Finite-Temperature-MLIP-Benchmark/paper_v2_configs/data/mlip-trajs-torchsim-accelerated/bulkCu_1000K_Kapil/md_timing_mace-mp-0-compile.csv
mace-mp-0,MACE-MP-0,Compile,bulkLiMgAlZnSn_600K_J_Schmidt_VASP,600.0,3015,57.21,0.018974,18.974,torch-sim-0.6.1+cueq+compile-reduce-overhead,/home/mjgawkowski/Finite-Temperature-MLIP-Benchmark/paper_v2_configs/data/mlip-trajs-torchsim-accelerated/bulkLiMgAlZnSn_600K_J_Schmidt_VASP/md_timing_mace-mp-0-compile.csv
mace-mp-0,MACE-MP-0,Compile,bulkLiMgAlZnSn_900K_J_Schmidt_VASP,900.0,2181,39.71,0.018205,18.205,torch-sim-0.6.1+cueq+compile-reduce-overhead,/home/mjgawkowski/Finite-Temperature-MLIP-Benchmark/paper_v2_configs/data/mlip-trajs-torchsim-accelerated/bulkLiMgAlZnSn_900K_J_Schmidt_VASP/md_timing_mace-mp-0-compile.csv
mace-mp-0,MACE-MP-0,Compile,bulkMoS2_300K_NO-VdW_J.Kioseoglou_VASP,300.0,20000,318.26,0.015913,15.913,torch-sim-0.6.1+cueq+compile-reduce-overhead,/home/mjgawkowski/Finite-Temperature-MLIP-Benchmark/paper_v2_configs/data/mlip-trajs-torchsim-accelerated/bulkMoS2_300K_NO-VdW_J.Kioseoglou_VASP/md_timing_mace-mp-0-compile.csv
mace-mp-0,MACE-MP-0,Compile,bulkPt3Co_300K_J.Kioseoglou_VASP,300.0,20927,340.46,0.016269,16.269,torch-sim-0.6.1+cueq+compile-reduce-overhead,/home/mjgawkowski/Finite-Temperature-MLIP-Benchmark/paper_v2_configs/data/mlip-trajs-torchsim-accelerated/bulkPt3Co_300K_J.Kioseoglou_VASP/md_timing_mace-mp-0-compile.csv
mace-mp-0,MACE-MP-0,Compile,naphthalene_295K_Sharma_S,295.0,7557,375.65,0.049709,49.709,torch-sim-0.6.1+cueq+compile-reduce-overhead,/home/mjgawkowski/Finite-Temperature-MLIP-Benchmark/paper_v2_configs/data/mlip-trajs-torchsim-accelerated/naphthalene_295K_Sharma_S/md_timing_mace-mp-0-compile.csv
mace-mp-0,MACE-MP-0,Compile,pentacene_295K_Sharma_S,295.0,15579,747.45,0.047978,47.978,torch-sim-0.6.1+cueq+compile-reduce-overhead,/home/mjgawkowski/Finite-Temperature-MLIP-Benchmark/paper_v2_configs/data/mlip-trajs-torchsim-accelerated/pentacene_295K_Sharma_S/md_timing_mace-mp-0-compile.csv
mace-mp-0,MACE-MP-0,Compile,picene_295K_Sharma_S,295.0,14151,673.94,0.047625,47.625,torch-sim-0.6.1+cueq+compile-reduce-overhead,/home/mjgawkowski/Finite-Temperature-MLIP-Benchmark/paper_v2_configs/data/mlip-trajs-torchsim-accelerated/picene_295K_Sharma_S/md_timing_mace-mp-0-compile.csv
mace-mp-0,MACE-MP-0,Compile,tetracene_295K_Sharma_S,295.0,16000,769.28,0.04808,48.08,torch-sim-0.6.1+cueq+compile-reduce-overhead,/home/mjgawkowski/Finite-Temperature-MLIP-Benchmark/paper_v2_configs/data/mlip-trajs-torchsim-accelerated/tetracene_295K_Sharma_S/md_timing_mace-mp-0-compile.csv
mace-mp-0,MACE-MP-0,Standard,CsSnI3_500K_Ivor_VASP,500.0,14758,355.14,0.024064,24.064,torch-sim-0.6.1,/home/mjgawkowski/Finite-Temperature-MLIP-Benchmark/paper_v2_configs/data/mlip-trajs-torchsim-eager/CsSnI3_500K_Ivor_VASP/md_timing_mace-mp-0.csv
mace-mp-0,MACE-MP-0,Standard,MAPbBr3_300K_Ivor_VASP,300.0,60000,1585.57,0.026426,26.426000000000002,torch-sim-0.6.1,/home/mjgawkowski/Finite-Temperature-MLIP-Benchmark/paper_v2_configs/data/mlip-trajs-torchsim-eager/MAPbBr3_300K_Ivor_VASP/md_timing_mace-mp-0.csv
mace-mp-0,MACE-MP-0,Standard,Pt111w24H2O_380K_Heenen_VASP,380.0,3843,113.64,0.02957,29.57,torch-sim-0.6.1,/home/mjgawkowski/Finite-Temperature-MLIP-Benchmark/paper_v2_configs/data/mlip-trajs-torchsim-eager/Pt111w24H2O_380K_Heenen_VASP/md_timing_mace-mp-0.csv
mace-mp-0,MACE-MP-0,Standard,TiSe2_400K_Ivor_VASP,400.0,14716,363.7,0.024715,24.715,torch-sim-0.6.1,/home/mjgawkowski/Finite-Temperature-MLIP-Benchmark/paper_v2_configs/data/mlip-trajs-torchsim-eager/TiSe2_400K_Ivor_VASP/md_timing_mace-mp-0.csv
mace-mp-0,MACE-MP-0,Standard,anthracene_293K_Sharma_S,293.0,16000,373.03,0.023314,23.314,torch-sim-0.6.1,/home/mjgawkowski/Finite-Temperature-MLIP-Benchmark/paper_v2_configs/data/mlip-trajs-torchsim-eager/anthracene_293K_Sharma_S/md_timing_mace-mp-0.csv
mace-mp-0,MACE-MP-0,Standard,bulkAg_600K_Kapil,600.0,24881,709.68,0.028523,28.523,torch-sim-0.6.1,/home/mjgawkowski/Finite-Temperature-MLIP-Benchmark/paper_v2_configs/data/mlip-trajs-torchsim-eager/bulkAg_600K_Kapil/md_timing_mace-mp-0.csv
mace-mp-0,MACE-MP-0,Standard,bulkAu_1500K_Kapil,1500.0,20162,797.07,0.039533,39.533,torch-sim-0.6.1,/home/mjgawkowski/Finite-Temperature-MLIP-Benchmark/paper_v2_configs/data/mlip-trajs-torchsim-eager/bulkAu_1500K_Kapil/md_timing_mace-mp-0.csv
mace-mp-0,MACE-MP-0,Standard,bulkCuAu_500K-Artrith_VASP,500.0,1105,37.69,0.03411,34.11,torch-sim-0.6.1,/home/mjgawkowski/Finite-Temperature-MLIP-Benchmark/paper_v2_configs/data/mlip-trajs-torchsim-eager/bulkCuAu_500K-Artrith_VASP/md_timing_mace-mp-0.csv
mace-mp-0,MACE-MP-0,Standard,bulkCuZrAl_1500K_A.Wadowski-J.Schmidt_VASP,1500.0,2718,97.32,0.035806,35.806,torch-sim-0.6.1,/home/mjgawkowski/Finite-Temperature-MLIP-Benchmark/paper_v2_configs/data/mlip-trajs-torchsim-eager/bulkCuZrAl_1500K_A.Wadowski-J.Schmidt_VASP/md_timing_mace-mp-0.csv
mace-mp-0,MACE-MP-0,Standard,bulkCu_1000K_Kapil,1000.0,36007,1182.43,0.032839,32.839,torch-sim-0.6.1,/home/mjgawkowski/Finite-Temperature-MLIP-Benchmark/paper_v2_configs/data/mlip-trajs-torchsim-eager/bulkCu_1000K_Kapil/md_timing_mace-mp-0.csv
mace-mp-0,MACE-MP-0,Standard,bulkLiMgAlZnSn_600K_J_Schmidt_VASP,600.0,3015,230.02,0.076292,76.292,torch-sim-0.6.1,/home/mjgawkowski/Finite-Temperature-MLIP-Benchmark/paper_v2_configs/data/mlip-trajs-torchsim-eager/bulkLiMgAlZnSn_600K_J_Schmidt_VASP/md_timing_mace-mp-0.csv
mace-mp-0,MACE-MP-0,Standard,bulkLiMgAlZnSn_900K_J_Schmidt_VASP,900.0,2181,165.38,0.075827,75.82700000000001,torch-sim-0.6.1,/home/mjgawkowski/Finite-Temperature-MLIP-Benchmark/paper_v2_configs/data/mlip-trajs-torchsim-eager/bulkLiMgAlZnSn_900K_J_Schmidt_VASP/md_timing_mace-mp-0.csv
mace-mp-0,MACE-MP-0,Standard,bulkMoS2_300K_NO-VdW_J.Kioseoglou_VASP,300.0,20000,517.08,0.025854,25.854,torch-sim-0.6.1,/home/mjgawkowski/Finite-Temperature-MLIP-Benchmark/paper_v2_configs/data/mlip-trajs-torchsim-eager/bulkMoS2_300K_NO-VdW_J.Kioseoglou_VASP/md_timing_mace-mp-0.csv
mace-mp-0,MACE-MP-0,Standard,bulkPt3Co_300K_J.Kioseoglou_VASP,300.0,20927,625.32,0.029881,29.881,torch-sim-0.6.1,/home/mjgawkowski/Finite-Temperature-MLIP-Benchmark/paper_v2_configs/data/mlip-trajs-torchsim-eager/bulkPt3Co_300K_J.Kioseoglou_VASP/md_timing_mace-mp-0.csv
mace-mp-0,MACE-MP-0,Standard,naphthalene_295K_Sharma_S,295.0,7557,341.22,0.045153,45.153,torch-sim-0.6.1,/home/mjgawkowski/Finite-Temperature-MLIP-Benchmark/paper_v2_configs/data/mlip-trajs-torchsim-eager/naphthalene_295K_Sharma_S/md_timing_mace-mp-0.csv
mace-mp-0,MACE-MP-0,Standard,pentacene_295K_Sharma_S,295.0,15579,465.57,0.029885,29.884999999999998,torch-sim-0.6.1,/home/mjgawkowski/Finite-Temperature-MLIP-Benchmark/paper_v2_configs/data/mlip-trajs-torchsim-eager/pentacene_295K_Sharma_S/md_timing_mace-mp-0.csv
mace-mp-0,MACE-MP-0,Standard,picene_295K_Sharma_S,295.0,14151,420.39,0.029707,29.707,torch-sim-0.6.1,/home/mjgawkowski/Finite-Temperature-MLIP-Benchmark/paper_v2_configs/data/mlip-trajs-torchsim-eager/picene_295K_Sharma_S/md_timing_mace-mp-0.csv
mace-mp-0,MACE-MP-0,Standard,tetracene_295K_Sharma_S,295.0,16000,450.34,0.028146,28.146,torch-sim-0.6.1,/home/mjgawkowski/Finite-Temperature-MLIP-Benchmark/paper_v2_configs/data/mlip-trajs-torchsim-eager/tetracene_295K_Sharma_S/md_timing_mace-mp-0.csv
mace-mpa-0,MACE-MPA-0,Compile,CsSnI3_500K_Ivor_VASP,500.0,14758,264.87,0.017948,17.948,torch-sim-0.6.1+cueq+compile-reduce-overhead,/home/mjgawkowski/Finite-Temperature-MLIP-Benchmark/paper_v2_configs/data/mlip-trajs-torchsim-accelerated/CsSnI3_500K_Ivor_VASP/md_timing_mace-mpa-0-compile.csv
mace-mpa-0,MACE-MPA-0,Compile,H_1050K_Rupp_QE,1050.0,1784,170.85,0.095769,95.769,torch-sim-0.6.1+cueq+compile-reduce-overhead,/home/mjgawkowski/Finite-Temperature-MLIP-Benchmark/paper_v2_configs/data/mlip-trajs-torchsim-accelerated/H_1050K_Rupp_QE/md_timing_mace-mpa-0-compile.csv
mace-mpa-0,MACE-MPA-0,Compile,MAPbBr3_300K_Ivor_VASP,300.0,60000,3090.31,0.051505,51.505,torch-sim-0.6.1+cueq+compile-reduce-overhead,/home/mjgawkowski/Finite-Temperature-MLIP-Benchmark/paper_v2_configs/data/mlip-trajs-torchsim-accelerated/MAPbBr3_300K_Ivor_VASP/md_timing_mace-mpa-0-compile.csv
mace-mpa-0,MACE-MPA-0,Compile,Pt111w24H2O_380K_Heenen_VASP,380.0,3843,199.98,0.052038,52.038000000000004,torch-sim-0.6.1+cueq+compile-reduce-overhead,/home/mjgawkowski/Finite-Temperature-MLIP-Benchmark/paper_v2_configs/data/mlip-trajs-torchsim-accelerated/Pt111w24H2O_380K_Heenen_VASP/md_timing_mace-mpa-0-compile.csv
mace-mpa-0,MACE-MPA-0,Compile,TiSe2_400K_Ivor_VASP,400.0,14716,753.2,0.051182,51.181999999999995,torch-sim-0.6.1+cueq+compile-reduce-overhead,/home/mjgawkowski/Finite-Temperature-MLIP-Benchmark/paper_v2_configs/data/mlip-trajs-torchsim-accelerated/TiSe2_400K_Ivor_VASP/md_timing_mace-mpa-0-compile.csv
mace-mpa-0,MACE-MPA-0,Compile,anthracene_293K_Sharma_S,293.0,16000,208.93,0.013058,13.058,torch-sim-0.6.1+cueq+compile-reduce-overhead,/home/mjgawkowski/Finite-Temperature-MLIP-Benchmark/paper_v2_configs/data/mlip-trajs-torchsim-accelerated/anthracene_293K_Sharma_S/md_timing_mace-mpa-0-compile.csv
mace-mpa-0,MACE-MPA-0,Compile,bulkAg_600K_Kapil,600.0,24881,371.63,0.014936,14.936,torch-sim-0.6.1+cueq+compile-reduce-overhead,/home/mjgawkowski/Finite-Temperature-MLIP-Benchmark/paper_v2_configs/data/mlip-trajs-torchsim-accelerated/bulkAg_600K_Kapil/md_timing_mace-mpa-0-compile.csv
mace-mpa-0,MACE-MPA-0,Compile,bulkAu_1500K_Kapil,1500.0,20162,316.21,0.015683,15.683,torch-sim-0.6.1+cueq+compile-reduce-overhead,/home/mjgawkowski/Finite-Temperature-MLIP-Benchmark/paper_v2_configs/data/mlip-trajs-torchsim-accelerated/bulkAu_1500K_Kapil/md_timing_mace-mpa-0-compile.csv
mace-mpa-0,MACE-MPA-0,Compile,bulkCuAu_500K-Artrith_VASP,500.0,1105,17.58,0.015912,15.911999999999999,torch-sim-0.6.1+cueq+compile-reduce-overhead,/home/mjgawkowski/Finite-Temperature-MLIP-Benchmark/paper_v2_configs/data/mlip-trajs-torchsim-accelerated/bulkCuAu_500K-Artrith_VASP/md_timing_mace-mpa-0-compile.csv
mace-mpa-0,MACE-MPA-0,Compile,bulkCuZrAl_1500K_A.Wadowski-J.Schmidt_VASP,1500.0,2718,41.83,0.015388,15.388,torch-sim-0.6.1+cueq+compile-reduce-overhead,/home/mjgawkowski/Finite-Temperature-MLIP-Benchmark/paper_v2_configs/data/mlip-trajs-torchsim-accelerated/bulkCuZrAl_1500K_A.Wadowski-J.Schmidt_VASP/md_timing_mace-mpa-0-compile.csv
mace-mpa-0,MACE-MPA-0,Compile,bulkCu_1000K_Kapil,1000.0,36007,524.99,0.01458,14.58,torch-sim-0.6.1+cueq+compile-reduce-overhead,/home/mjgawkowski/Finite-Temperature-MLIP-Benchmark/paper_v2_configs/data/mlip-trajs-torchsim-accelerated/bulkCu_1000K_Kapil/md_timing_mace-mpa-0-compile.csv
mace-mpa-0,MACE-MPA-0,Compile,bulkLiMgAlZnSn_600K_J_Schmidt_VASP,600.0,3015,61.14,0.020278,20.278000000000002,torch-sim-0.6.1+cueq+compile-reduce-overhead,/home/mjgawkowski/Finite-Temperature-MLIP-Benchmark/paper_v2_configs/data/mlip-trajs-torchsim-accelerated/bulkLiMgAlZnSn_600K_J_Schmidt_VASP/md_timing_mace-mpa-0-compile.csv
mace-mpa-0,MACE-MPA-0,Compile,bulkLiMgAlZnSn_900K_J_Schmidt_VASP,900.0,2181,42.53,0.0195,19.5,torch-sim-0.6.1+cueq+compile-reduce-overhead,/home/mjgawkowski/Finite-Temperature-MLIP-Benchmark/paper_v2_configs/data/mlip-trajs-torchsim-accelerated/bulkLiMgAlZnSn_900K_J_Schmidt_VASP/md_timing_mace-mpa-0-compile.csv
mace-mpa-0,MACE-MPA-0,Compile,bulkMoS2_300K_NO-VdW_J.Kioseoglou_VASP,300.0,20000,343.22,0.017161,17.160999999999998,torch-sim-0.6.1+cueq+compile-reduce-overhead,/home/mjgawkowski/Finite-Temperature-MLIP-Benchmark/paper_v2_configs/data/mlip-trajs-torchsim-accelerated/bulkMoS2_300K_NO-VdW_J.Kioseoglou_VASP/md_timing_mace-mpa-0-compile.csv
mace-mpa-0,MACE-MPA-0,Compile,bulkPt3Co_300K_J.Kioseoglou_VASP,300.0,20927,378.56,0.018089,18.089000000000002,torch-sim-0.6.1+cueq+compile-reduce-overhead,/home/mjgawkowski/Finite-Temperature-MLIP-Benchmark/paper_v2_configs/data/mlip-trajs-torchsim-accelerated/bulkPt3Co_300K_J.Kioseoglou_VASP/md_timing_mace-mpa-0-compile.csv
mace-mpa-0,MACE-MPA-0,Compile,naphthalene_295K_Sharma_S,295.0,7557,406.73,0.053821,53.821,torch-sim-0.6.1+cueq+compile-reduce-overhead,/home/mjgawkowski/Finite-Temperature-MLIP-Benchmark/paper_v2_configs/data/mlip-trajs-torchsim-accelerated/naphthalene_295K_Sharma_S/md_timing_mace-mpa-0-compile.csv
mace-mpa-0,MACE-MPA-0,Compile,pentacene_295K_Sharma_S,295.0,15579,814.03,0.052252,52.252,torch-sim-0.6.1+cueq+compile-reduce-overhead,/home/mjgawkowski/Finite-Temperature-MLIP-Benchmark/paper_v2_configs/data/mlip-trajs-torchsim-accelerated/pentacene_295K_Sharma_S/md_timing_mace-mpa-0-compile.csv
mace-mpa-0,MACE-MPA-0,Compile,picene_295K_Sharma_S,295.0,14151,733.23,0.051815,51.815,torch-sim-0.6.1+cueq+compile-reduce-overhead,/home/mjgawkowski/Finite-Temperature-MLIP-Benchmark/paper_v2_configs/data/mlip-trajs-torchsim-accelerated/picene_295K_Sharma_S/md_timing_mace-mpa-0-compile.csv
mace-mpa-0,MACE-MPA-0,Compile,tetracene_295K_Sharma_S,295.0,16000,835.29,0.052206,52.206,torch-sim-0.6.1+cueq+compile-reduce-overhead,/home/mjgawkowski/Finite-Temperature-MLIP-Benchmark/paper_v2_configs/data/mlip-trajs-torchsim-accelerated/tetracene_295K_Sharma_S/md_timing_mace-mpa-0-compile.csv
mace-mpa-0,MACE-MPA-0,Standard,CsSnI3_500K_Ivor_VASP,500.0,14758,376.52,0.025513,25.513,torch-sim-0.6.1,/home/mjgawkowski/Finite-Temperature-MLIP-Benchmark/paper_v2_configs/data/mlip-trajs-torchsim-eager/CsSnI3_500K_Ivor_VASP/md_timing_mace-mpa-0.csv
mace-mpa-0,MACE-MPA-0,Standard,H_1050K_Rupp_QE,1050.0,1784,948.04,0.531412,531.412,torch-sim-0.6.1,/home/mjgawkowski/Finite-Temperature-MLIP-Benchmark/paper_v2_configs/data/mlip-trajs-torchsim-eager/H_1050K_Rupp_QE/md_timing_mace-mpa-0.csv
mace-mpa-0,MACE-MPA-0,Standard,MAPbBr3_300K_Ivor_VASP,300.0,60000,1670.84,0.027847,27.847,torch-sim-0.6.1,/home/mjgawkowski/Finite-Temperature-MLIP-Benchmark/paper_v2_configs/data/mlip-trajs-torchsim-eager/MAPbBr3_300K_Ivor_VASP/md_timing_mace-mpa-0.csv
mace-mpa-0,MACE-MPA-0,Standard,Pt111w24H2O_380K_Heenen_VASP,380.0,3843,124.64,0.032432,32.432,torch-sim-0.6.1,/home/mjgawkowski/Finite-Temperature-MLIP-Benchmark/paper_v2_configs/data/mlip-trajs-torchsim-eager/Pt111w24H2O_380K_Heenen_VASP/md_timing_mace-mpa-0.csv
mace-mpa-0,MACE-MPA-0,Standard,TiSe2_400K_Ivor_VASP,400.0,14716,375.75,0.025533,25.533,torch-sim-0.6.1,/home/mjgawkowski/Finite-Temperature-MLIP-Benchmark/paper_v2_configs/data/mlip-trajs-torchsim-eager/TiSe2_400K_Ivor_VASP/md_timing_mace-mpa-0.csv
mace-mpa-0,MACE-MPA-0,Standard,anthracene_293K_Sharma_S,293.0,16000,395.47,0.024717,24.717,torch-sim-0.6.1,/home/mjgawkowski/Finite-Temperature-MLIP-Benchmark/paper_v2_configs/data/mlip-trajs-torchsim-eager/anthracene_293K_Sharma_S/md_timing_mace-mpa-0.csv
mace-mpa-0,MACE-MPA-0,Standard,bulkAg_600K_Kapil,600.0,24881,746.47,0.030002,30.002000000000002,torch-sim-0.6.1,/home/mjgawkowski/Finite-Temperature-MLIP-Benchmark/paper_v2_configs/data/mlip-trajs-torchsim-eager/bulkAg_600K_Kapil/md_timing_mace-mpa-0.csv
mace-mpa-0,MACE-MPA-0,Standard,bulkAu_1500K_Kapil,1500.0,20162,829.47,0.04114,41.14,torch-sim-0.6.1,/home/mjgawkowski/Finite-Temperature-MLIP-Benchmark/paper_v2_configs/data/mlip-trajs-torchsim-eager/bulkAu_1500K_Kapil/md_timing_mace-mpa-0.csv
mace-mpa-0,MACE-MPA-0,Standard,bulkCuAu_500K-Artrith_VASP,500.0,1105,38.94,0.035244,35.244,torch-sim-0.6.1,/home/mjgawkowski/Finite-Temperature-MLIP-Benchmark/paper_v2_configs/data/mlip-trajs-torchsim-eager/bulkCuAu_500K-Artrith_VASP/md_timing_mace-mpa-0.csv
mace-mpa-0,MACE-MPA-0,Standard,bulkCuZrAl_1500K_A.Wadowski-J.Schmidt_VASP,1500.0,2718,100.89,0.037119,37.119,torch-sim-0.6.1,/home/mjgawkowski/Finite-Temperature-MLIP-Benchmark/paper_v2_configs/data/mlip-trajs-torchsim-eager/bulkCuZrAl_1500K_A.Wadowski-J.Schmidt_VASP/md_timing_mace-mpa-0.csv
mace-mpa-0,MACE-MPA-0,Standard,bulkCu_1000K_Kapil,1000.0,36007,1222.84,0.033961,33.961,torch-sim-0.6.1,/home/mjgawkowski/Finite-Temperature-MLIP-Benchmark/paper_v2_configs/data/mlip-trajs-torchsim-eager/bulkCu_1000K_Kapil/md_timing_mace-mpa-0.csv
mace-mpa-0,MACE-MPA-0,Standard,bulkLiMgAlZnSn_600K_J_Schmidt_VASP,600.0,3015,240.01,0.079604,79.604,torch-sim-0.6.1,/home/mjgawkowski/Finite-Temperature-MLIP-Benchmark/paper_v2_configs/data/mlip-trajs-torchsim-eager/bulkLiMgAlZnSn_600K_J_Schmidt_VASP/md_timing_mace-mpa-0.csv
mace-mpa-0,MACE-MPA-0,Standard,bulkLiMgAlZnSn_900K_J_Schmidt_VASP,900.0,2181,172.63,0.07915,79.14999999999999,torch-sim-0.6.1,/home/mjgawkowski/Finite-Temperature-MLIP-Benchmark/paper_v2_configs/data/mlip-trajs-torchsim-eager/bulkLiMgAlZnSn_900K_J_Schmidt_VASP/md_timing_mace-mpa-0.csv
mace-mpa-0,MACE-MPA-0,Standard,bulkMoS2_300K_NO-VdW_J.Kioseoglou_VASP,300.0,20000,552.69,0.027635,27.635,torch-sim-0.6.1,/home/mjgawkowski/Finite-Temperature-MLIP-Benchmark/paper_v2_configs/data/mlip-trajs-torchsim-eager/bulkMoS2_300K_NO-VdW_J.Kioseoglou_VASP/md_timing_mace-mpa-0.csv
mace-mpa-0,MACE-MPA-0,Standard,bulkPt3Co_300K_J.Kioseoglou_VASP,300.0,20927,643.94,0.030771,30.771,torch-sim-0.6.1,/home/mjgawkowski/Finite-Temperature-MLIP-Benchmark/paper_v2_configs/data/mlip-trajs-torchsim-eager/bulkPt3Co_300K_J.Kioseoglou_VASP/md_timing_mace-mpa-0.csv
mace-mpa-0,MACE-MPA-0,Standard,naphthalene_295K_Sharma_S,295.0,7557,349.89,0.0463,46.300000000000004,torch-sim-0.6.1,/home/mjgawkowski/Finite-Temperature-MLIP-Benchmark/paper_v2_configs/data/mlip-trajs-torchsim-eager/naphthalene_295K_Sharma_S/md_timing_mace-mpa-0.csv
mace-mpa-0,MACE-MPA-0,Standard,pentacene_295K_Sharma_S,295.0,15579,482.59,0.030977,30.977,torch-sim-0.6.1,/home/mjgawkowski/Finite-Temperature-MLIP-Benchmark/paper_v2_configs/data/mlip-trajs-torchsim-eager/pentacene_295K_Sharma_S/md_timing_mace-mpa-0.csv
mace-mpa-0,MACE-MPA-0,Standard,picene_295K_Sharma_S,295.0,14151,437.18,0.030894,30.894000000000002,torch-sim-0.6.1,/home/mjgawkowski/Finite-Temperature-MLIP-Benchmark/paper_v2_configs/data/mlip-trajs-torchsim-eager/picene_295K_Sharma_S/md_timing_mace-mpa-0.csv
mace-mpa-0,MACE-MPA-0,Standard,tetracene_295K_Sharma_S,295.0,16000,465.5,0.029094,29.093999999999998,torch-sim-0.6.1,/home/mjgawkowski/Finite-Temperature-MLIP-Benchmark/paper_v2_configs/data/mlip-trajs-torchsim-eager/tetracene_295K_Sharma_S/md_timing_mace-mpa-0.csv
mattersim-v1-5m-compile-force-only,mattersim-v1-5m-compile,Accelerated,CsSnI3_500K_Ivor_VASP,500.0,14758,227.02,0.015383,15.383000000000001,torch-sim-0.6.1+mattersim-torch-compile-force-only,/home/mjgawkowski/Finite-Temperature-MLIP-Benchmark/paper_v2_configs/data/mlip-trajs-torchsim-accelerated/CsSnI3_500K_Ivor_VASP/md_timing_mattersim-v1-5M-compile-force-only.csv
mattersim-v1-5m-compile-force-only,mattersim-v1-5m-compile,Accelerated,H_1050K_Rupp_QE,1050.0,1784,806.85,0.452271,452.27099999999996,torch-sim-0.6.1+mattersim-torch-compile-force-only,/home/mjgawkowski/Finite-Temperature-MLIP-Benchmark/paper_v2_configs/data/mlip-trajs-torchsim-accelerated/H_1050K_Rupp_QE/md_timing_mattersim-v1-5M-compile-force-only.csv
mattersim-v1-5m-compile-force-only,mattersim-v1-5m-compile,Accelerated,MAPbBr3_300K_Ivor_VASP,300.0,60000,1021.76,0.017029,17.029,torch-sim-0.6.1+mattersim-torch-compile-force-only,/home/mjgawkowski/Finite-Temperature-MLIP-Benchmark/paper_v2_configs/data/mlip-trajs-torchsim-accelerated/MAPbBr3_300K_Ivor_VASP/md_timing_mattersim-v1-5M-compile-force-only.csv
mattersim-v1-5m-compile-force-only,mattersim-v1-5m-compile,Accelerated,Pt111w24H2O_380K_Heenen_VASP,380.0,3843,74.85,0.019478,19.477999999999998,torch-sim-0.6.1+mattersim-torch-compile-force-only,/home/mjgawkowski/Finite-Temperature-MLIP-Benchmark/paper_v2_configs/data/mlip-trajs-torchsim-accelerated/Pt111w24H2O_380K_Heenen_VASP/md_timing_mattersim-v1-5M-compile-force-only.csv
mattersim-v1-5m-compile-force-only,mattersim-v1-5m-compile,Accelerated,TiSe2_400K_Ivor_VASP,400.0,14716,237.46,0.016136,16.136000000000003,torch-sim-0.6.1+mattersim-torch-compile-force-only,/home/mjgawkowski/Finite-Temperature-MLIP-Benchmark/paper_v2_configs/data/mlip-trajs-torchsim-accelerated/TiSe2_400K_Ivor_VASP/md_timing_mattersim-v1-5M-compile-force-only.csv
mattersim-v1-5m-compile-force-only,mattersim-v1-5m-compile,Accelerated,anthracene_293K_Sharma_S,293.0,16000,280.15,0.017509,17.509,torch-sim-0.6.1+mattersim-torch-compile-force-only,/home/mjgawkowski/Finite-Temperature-MLIP-Benchmark/paper_v2_configs/data/mlip-trajs-torchsim-accelerated/anthracene_293K_Sharma_S/md_timing_mattersim-v1-5M-compile-force-only.csv
mattersim-v1-5m-compile-force-only,mattersim-v1-5m-compile,Accelerated,bulkAg_600K_Kapil,600.0,24881,455.27,0.018298,18.298,torch-sim-0.6.1+mattersim-torch-compile-force-only,/home/mjgawkowski/Finite-Temperature-MLIP-Benchmark/paper_v2_configs/data/mlip-trajs-torchsim-accelerated/bulkAg_600K_Kapil/md_timing_mattersim-v1-5M-compile-force-only.csv
mattersim-v1-5m-compile-force-only,mattersim-v1-5m-compile,Accelerated,bulkAu_1500K_Kapil,1500.0,20162,448.21,0.02223,22.23,torch-sim-0.6.1+mattersim-torch-compile-force-only,/home/mjgawkowski/Finite-Temperature-MLIP-Benchmark/paper_v2_configs/data/mlip-trajs-torchsim-accelerated/bulkAu_1500K_Kapil/md_timing_mattersim-v1-5M-compile-force-only.csv
mattersim-v1-5m-compile-force-only,mattersim-v1-5m-compile,Accelerated,bulkCuAu_500K-Artrith_VASP,500.0,1105,23.96,0.021682,21.682,torch-sim-0.6.1+mattersim-torch-compile-force-only,/home/mjgawkowski/Finite-Temperature-MLIP-Benchmark/paper_v2_configs/data/mlip-trajs-torchsim-accelerated/bulkCuAu_500K-Artrith_VASP/md_timing_mattersim-v1-5M-compile-force-only.csv
mattersim-v1-5m-compile-force-only,mattersim-v1-5m-compile,Accelerated,bulkCuZrAl_1500K_A.Wadowski-J.Schmidt_VASP,1500.0,2718,60.05,0.022094,22.093999999999998,torch-sim-0.6.1+mattersim-torch-compile-force-only,/home/mjgawkowski/Finite-Temperature-MLIP-Benchmark/paper_v2_configs/data/mlip-trajs-torchsim-accelerated/bulkCuZrAl_1500K_A.Wadowski-J.Schmidt_VASP/md_timing_mattersim-v1-5M-compile-force-only.csv
mattersim-v1-5m-compile-force-only,mattersim-v1-5m-compile,Accelerated,bulkCu_1000K_Kapil,1000.0,36007,774.64,0.021514,21.514,torch-sim-0.6.1+mattersim-torch-compile-force-only,/home/mjgawkowski/Finite-Temperature-MLIP-Benchmark/paper_v2_configs/data/mlip-trajs-torchsim-accelerated/bulkCu_1000K_Kapil/md_timing_mattersim-v1-5M-compile-force-only.csv
mattersim-v1-5m-compile-force-only,mattersim-v1-5m-compile,Accelerated,bulkLiMgAlZnSn_600K_J_Schmidt_VASP,600.0,3015,112.82,0.03742,37.42,torch-sim-0.6.1+mattersim-torch-compile-force-only,/home/mjgawkowski/Finite-Temperature-MLIP-Benchmark/paper_v2_configs/data/mlip-trajs-torchsim-accelerated/bulkLiMgAlZnSn_600K_J_Schmidt_VASP/md_timing_mattersim-v1-5M-compile-force-only.csv
mattersim-v1-5m-compile-force-only,mattersim-v1-5m-compile,Accelerated,bulkLiMgAlZnSn_900K_J_Schmidt_VASP,900.0,2181,82.01,0.037604,37.604,torch-sim-0.6.1+mattersim-torch-compile-force-only,/home/mjgawkowski/Finite-Temperature-MLIP-Benchmark/paper_v2_configs/data/mlip-trajs-torchsim-accelerated/bulkLiMgAlZnSn_900K_J_Schmidt_VASP/md_timing_mattersim-v1-5M-compile-force-only.csv
mattersim-v1-5m-compile-force-only,mattersim-v1-5m-compile,Accelerated,bulkMoS2_300K_NO-VdW_J.Kioseoglou_VASP,300.0,20000,322.67,0.016133,16.133000000000003,torch-sim-0.6.1+mattersim-torch-compile-force-only,/home/mjgawkowski/Finite-Temperature-MLIP-Benchmark/paper_v2_configs/data/mlip-trajs-torchsim-accelerated/bulkMoS2_300K_NO-VdW_J.Kioseoglou_VASP/md_timing_mattersim-v1-5M-compile-force-only.csv
mattersim-v1-5m-compile-force-only,mattersim-v1-5m-compile,Accelerated,bulkPt3Co_300K_J.Kioseoglou_VASP,300.0,20927,443.18,0.021178,21.177999999999997,torch-sim-0.6.1+mattersim-torch-compile-force-only,/home/mjgawkowski/Finite-Temperature-MLIP-Benchmark/paper_v2_configs/data/mlip-trajs-torchsim-accelerated/bulkPt3Co_300K_J.Kioseoglou_VASP/md_timing_mattersim-v1-5M-compile-force-only.csv
mattersim-v1-5m-compile-force-only,mattersim-v1-5m-compile,Accelerated,naphthalene_295K_Sharma_S,295.0,7557,216.54,0.028654,28.654,torch-sim-0.6.1+mattersim-torch-compile-force-only,/home/mjgawkowski/Finite-Temperature-MLIP-Benchmark/paper_v2_configs/data/mlip-trajs-torchsim-accelerated/naphthalene_295K_Sharma_S/md_timing_mattersim-v1-5M-compile-force-only.csv
mattersim-v1-5m-compile-force-only,mattersim-v1-5m-compile,Accelerated,pentacene_295K_Sharma_S,295.0,15579,319.91,0.020535,20.535,torch-sim-0.6.1+mattersim-torch-compile-force-only,/home/mjgawkowski/Finite-Temperature-MLIP-Benchmark/paper_v2_configs/data/mlip-trajs-torchsim-accelerated/pentacene_295K_Sharma_S/md_timing_mattersim-v1-5M-compile-force-only.csv
mattersim-v1-5m-compile-force-only,mattersim-v1-5m-compile,Accelerated,picene_295K_Sharma_S,295.0,14151,284.2,0.020084,20.084,torch-sim-0.6.1+mattersim-torch-compile-force-only,/home/mjgawkowski/Finite-Temperature-MLIP-Benchmark/paper_v2_configs/data/mlip-trajs-torchsim-accelerated/picene_295K_Sharma_S/md_timing_mattersim-v1-5M-compile-force-only.csv
mattersim-v1-5m-compile-force-only,mattersim-v1-5m-compile,Accelerated,tetracene_295K_Sharma_S,295.0,16000,307.22,0.019202,19.202,torch-sim-0.6.1+mattersim-torch-compile-force-only,/home/mjgawkowski/Finite-Temperature-MLIP-Benchmark/paper_v2_configs/data/mlip-trajs-torchsim-accelerated/tetracene_295K_Sharma_S/md_timing_mattersim-v1-5M-compile-force-only.csv
mattersim-v1-5m-force-only,MatterSim-v1.0.0-5M,Standard,CsSnI3_500K_Ivor_VASP,500.0,14758,346.86,0.023503,23.503,torch-sim-0.6.1+mattersim-eager-force-only,/home/mjgawkowski/Finite-Temperature-MLIP-Benchmark/paper_v2_configs/data/mlip-trajs-torchsim-eager/CsSnI3_500K_Ivor_VASP/md_timing_mattersim-v1-5M-force-only.csv
mattersim-v1-5m-force-only,MatterSim-v1.0.0-5M,Standard,H_1050K_Rupp_QE,1050.0,1784,1306.61,0.732404,732.4040000000001,torch-sim-0.6.1+mattersim-eager-force-only,/home/mjgawkowski/Finite-Temperature-MLIP-Benchmark/paper_v2_configs/data/mlip-trajs-torchsim-eager/H_1050K_Rupp_QE/md_timing_mattersim-v1-5M-force-only.csv
mattersim-v1-5m-force-only,MatterSim-v1.0.0-5M,Standard,MAPbBr3_300K_Ivor_VASP,300.0,60000,1431.54,0.023859,23.859,torch-sim-0.6.1+mattersim-eager-force-only,/home/mjgawkowski/Finite-Temperature-MLIP-Benchmark/paper_v2_configs/data/mlip-trajs-torchsim-eager/MAPbBr3_300K_Ivor_VASP/md_timing_mattersim-v1-5M-force-only.csv
mattersim-v1-5m-force-only,MatterSim-v1.0.0-5M,Standard,Pt111w24H2O_380K_Heenen_VASP,380.0,3843,100.82,0.026234,26.234,torch-sim-0.6.1+mattersim-eager-force-only,/home/mjgawkowski/Finite-Temperature-MLIP-Benchmark/paper_v2_configs/data/mlip-trajs-torchsim-eager/Pt111w24H2O_380K_Heenen_VASP/md_timing_mattersim-v1-5M-force-only.csv
mattersim-v1-5m-force-only,MatterSim-v1.0.0-5M,Standard,TiSe2_400K_Ivor_VASP,400.0,14716,344.38,0.023402,23.401999999999997,torch-sim-0.6.1+mattersim-eager-force-only,/home/mjgawkowski/Finite-Temperature-MLIP-Benchmark/paper_v2_configs/data/mlip-trajs-torchsim-eager/TiSe2_400K_Ivor_VASP/md_timing_mattersim-v1-5M-force-only.csv
mattersim-v1-5m-force-only,MatterSim-v1.0.0-5M,Standard,anthracene_293K_Sharma_S,293.0,16000,382.74,0.023921,23.921000000000003,torch-sim-0.6.1+mattersim-eager-force-only,/home/mjgawkowski/Finite-Temperature-MLIP-Benchmark/paper_v2_configs/data/mlip-trajs-torchsim-eager/anthracene_293K_Sharma_S/md_timing_mattersim-v1-5M-force-only.csv
mattersim-v1-5m-force-only,MatterSim-v1.0.0-5M,Standard,bulkAg_600K_Kapil,600.0,24881,604.6,0.0243,24.299999999999997,torch-sim-0.6.1+mattersim-eager-force-only,/home/mjgawkowski/Finite-Temperature-MLIP-Benchmark/paper_v2_configs/data/mlip-trajs-torchsim-eager/bulkAg_600K_Kapil/md_timing_mattersim-v1-5M-force-only.csv
mattersim-v1-5m-force-only,MatterSim-v1.0.0-5M,Standard,bulkAu_1500K_Kapil,1500.0,20162,610.31,0.03027,30.27,torch-sim-0.6.1+mattersim-eager-force-only,/home/mjgawkowski/Finite-Temperature-MLIP-Benchmark/paper_v2_configs/data/mlip-trajs-torchsim-eager/bulkAu_1500K_Kapil/md_timing_mattersim-v1-5M-force-only.csv
mattersim-v1-5m-force-only,MatterSim-v1.0.0-5M,Standard,bulkCuAu_500K-Artrith_VASP,500.0,1105,32.46,0.029373,29.373,torch-sim-0.6.1+mattersim-eager-force-only,/home/mjgawkowski/Finite-Temperature-MLIP-Benchmark/paper_v2_configs/data/mlip-trajs-torchsim-eager/bulkCuAu_500K-Artrith_VASP/md_timing_mattersim-v1-5M-force-only.csv
mattersim-v1-5m-force-only,MatterSim-v1.0.0-5M,Standard,bulkCuZrAl_1500K_A.Wadowski-J.Schmidt_VASP,1500.0,2718,81.53,0.029998,29.998,torch-sim-0.6.1+mattersim-eager-force-only,/home/mjgawkowski/Finite-Temperature-MLIP-Benchmark/paper_v2_configs/data/mlip-trajs-torchsim-eager/bulkCuZrAl_1500K_A.Wadowski-J.Schmidt_VASP/md_timing_mattersim-v1-5M-force-only.csv
mattersim-v1-5m-force-only,MatterSim-v1.0.0-5M,Standard,bulkCu_1000K_Kapil,1000.0,36007,1056.45,0.02934,29.34,torch-sim-0.6.1+mattersim-eager-force-only,/home/mjgawkowski/Finite-Temperature-MLIP-Benchmark/paper_v2_configs/data/mlip-trajs-torchsim-eager/bulkCu_1000K_Kapil/md_timing_mattersim-v1-5M-force-only.csv
mattersim-v1-5m-force-only,MatterSim-v1.0.0-5M,Standard,bulkLiMgAlZnSn_600K_J_Schmidt_VASP,600.0,3015,147.53,0.048932,48.932,torch-sim-0.6.1+mattersim-eager-force-only,/home/mjgawkowski/Finite-Temperature-MLIP-Benchmark/paper_v2_configs/data/mlip-trajs-torchsim-eager/bulkLiMgAlZnSn_600K_J_Schmidt_VASP/md_timing_mattersim-v1-5M-force-only.csv
mattersim-v1-5m-force-only,MatterSim-v1.0.0-5M,Standard,bulkLiMgAlZnSn_900K_J_Schmidt_VASP,900.0,2181,106.96,0.049041,49.041000000000004,torch-sim-0.6.1+mattersim-eager-force-only,/home/mjgawkowski/Finite-Temperature-MLIP-Benchmark/paper_v2_configs/data/mlip-trajs-torchsim-eager/bulkLiMgAlZnSn_900K_J_Schmidt_VASP/md_timing_mattersim-v1-5M-force-only.csv
mattersim-v1-5m-force-only,MatterSim-v1.0.0-5M,Standard,bulkMoS2_300K_NO-VdW_J.Kioseoglou_VASP,300.0,20000,451.72,0.022586,22.586,torch-sim-0.6.1+mattersim-eager-force-only,/home/mjgawkowski/Finite-Temperature-MLIP-Benchmark/paper_v2_configs/data/mlip-trajs-torchsim-eager/bulkMoS2_300K_NO-VdW_J.Kioseoglou_VASP/md_timing_mattersim-v1-5M-force-only.csv
mattersim-v1-5m-force-only,MatterSim-v1.0.0-5M,Standard,bulkPt3Co_300K_J.Kioseoglou_VASP,300.0,20927,603.75,0.02885,28.85,torch-sim-0.6.1+mattersim-eager-force-only,/home/mjgawkowski/Finite-Temperature-MLIP-Benchmark/paper_v2_configs/data/mlip-trajs-torchsim-eager/bulkPt3Co_300K_J.Kioseoglou_VASP/md_timing_mattersim-v1-5M-force-only.csv
mattersim-v1-5m-force-only,MatterSim-v1.0.0-5M,Standard,naphthalene_295K_Sharma_S,295.0,7557,298.8,0.03954,39.54,torch-sim-0.6.1+mattersim-eager-force-only,/home/mjgawkowski/Finite-Temperature-MLIP-Benchmark/paper_v2_configs/data/mlip-trajs-torchsim-eager/naphthalene_295K_Sharma_S/md_timing_mattersim-v1-5M-force-only.csv
mattersim-v1-5m-force-only,MatterSim-v1.0.0-5M,Standard,pentacene_295K_Sharma_S,295.0,15579,443.04,0.028438,28.438000000000002,torch-sim-0.6.1+mattersim-eager-force-only,/home/mjgawkowski/Finite-Temperature-MLIP-Benchmark/paper_v2_configs/data/mlip-trajs-torchsim-eager/pentacene_295K_Sharma_S/md_timing_mattersim-v1-5M-force-only.csv
mattersim-v1-5m-force-only,MatterSim-v1.0.0-5M,Standard,picene_295K_Sharma_S,295.0,14151,392.72,0.027752,27.752,torch-sim-0.6.1+mattersim-eager-force-only,/home/mjgawkowski/Finite-Temperature-MLIP-Benchmark/paper_v2_configs/data/mlip-trajs-torchsim-eager/picene_295K_Sharma_S/md_timing_mattersim-v1-5M-force-only.csv
mattersim-v1-5m-force-only,MatterSim-v1.0.0-5M,Standard,tetracene_295K_Sharma_S,295.0,16000,428.34,0.026771,26.771,torch-sim-0.6.1+mattersim-eager-force-only,/home/mjgawkowski/Finite-Temperature-MLIP-Benchmark/paper_v2_configs/data/mlip-trajs-torchsim-eager/tetracene_295K_Sharma_S/md_timing_mattersim-v1-5M-force-only.csv
nequip-oam-l-force-only,NequIP-OAM-L,Accelerated,CsSnI3_500K_Ivor_VASP,500.0,14758,169.17,0.011463,11.463,torch-sim-0.6.1+aotinductor-force-only,/home/mjgawkowski/Finite-Temperature-MLIP-Benchmark/paper_v2_configs/data/mlip-trajs-torchsim-accelerated/CsSnI3_500K_Ivor_VASP/md_timing_nequip-oam-l-force-only.csv
nequip-oam-l-force-only,NequIP-OAM-L,Accelerated,MAPbBr3_300K_Ivor_VASP,300.0,60000,740.82,0.012347,12.347,torch-sim-0.6.1+aotinductor-force-only,/home/mjgawkowski/Finite-Temperature-MLIP-Benchmark/paper_v2_configs/data/mlip-trajs-torchsim-accelerated/MAPbBr3_300K_Ivor_VASP/md_timing_nequip-oam-l-force-only.csv
nequip-oam-l-force-only,NequIP-OAM-L,Accelerated,Pt111w24H2O_380K_Heenen_VASP,380.0,3843,50.53,0.013149,13.149,torch-sim-0.6.1+aotinductor-force-only,/home/mjgawkowski/Finite-Temperature-MLIP-Benchmark/paper_v2_configs/data/mlip-trajs-torchsim-accelerated/Pt111w24H2O_380K_Heenen_VASP/md_timing_nequip-oam-l-force-only.csv
nequip-oam-l-force-only,NequIP-OAM-L,Accelerated,TiSe2_400K_Ivor_VASP,400.0,14716,170.58,0.011592,11.592,torch-sim-0.6.1+aotinductor-force-only,/home/mjgawkowski/Finite-Temperature-MLIP-Benchmark/paper_v2_configs/data/mlip-trajs-torchsim-accelerated/TiSe2_400K_Ivor_VASP/md_timing_nequip-oam-l-force-only.csv
nequip-oam-l-force-only,NequIP-OAM-L,Accelerated,anthracene_293K_Sharma_S,293.0,16000,196.2,0.012262,12.262,torch-sim-0.6.1+aotinductor-force-only,/home/mjgawkowski/Finite-Temperature-MLIP-Benchmark/paper_v2_configs/data/mlip-trajs-torchsim-accelerated/anthracene_293K_Sharma_S/md_timing_nequip-oam-l-force-only.csv
nequip-oam-l-force-only,NequIP-OAM-L,Accelerated,bulkAg_600K_Kapil,600.0,24881,321.58,0.012925,12.925,torch-sim-0.6.1+aotinductor-force-only,/home/mjgawkowski/Finite-Temperature-MLIP-Benchmark/paper_v2_configs/data/mlip-trajs-torchsim-accelerated/bulkAg_600K_Kapil/md_timing_nequip-oam-l-force-only.csv
nequip-oam-l-force-only,NequIP-OAM-L,Accelerated,bulkAu_1500K_Kapil,1500.0,20162,308.13,0.015283,15.283,torch-sim-0.6.1+aotinductor-force-only,/home/mjgawkowski/Finite-Temperature-MLIP-Benchmark/paper_v2_configs/data/mlip-trajs-torchsim-accelerated/bulkAu_1500K_Kapil/md_timing_nequip-oam-l-force-only.csv
nequip-oam-l-force-only,NequIP-OAM-L,Accelerated,bulkCuAu_500K-Artrith_VASP,500.0,1105,15.5,0.014027,14.027,torch-sim-0.6.1+aotinductor-force-only,/home/mjgawkowski/Finite-Temperature-MLIP-Benchmark/paper_v2_configs/data/mlip-trajs-torchsim-accelerated/bulkCuAu_500K-Artrith_VASP/md_timing_nequip-oam-l-force-only.csv
nequip-oam-l-force-only,NequIP-OAM-L,Accelerated,bulkCuZrAl_1500K_A.Wadowski-J.Schmidt_VASP,1500.0,2718,39.21,0.014427,14.427000000000001,torch-sim-0.6.1+aotinductor-force-only,/home/mjgawkowski/Finite-Temperature-MLIP-Benchmark/paper_v2_configs/data/mlip-trajs-torchsim-accelerated/bulkCuZrAl_1500K_A.Wadowski-J.Schmidt_VASP/md_timing_nequip-oam-l-force-only.csv
nequip-oam-l-force-only,NequIP-OAM-L,Accelerated,bulkCu_1000K_Kapil,1000.0,36007,509.96,0.014163,14.163,torch-sim-0.6.1+aotinductor-force-only,/home/mjgawkowski/Finite-Temperature-MLIP-Benchmark/paper_v2_configs/data/mlip-trajs-torchsim-accelerated/bulkCu_1000K_Kapil/md_timing_nequip-oam-l-force-only.csv
nequip-oam-l-force-only,NequIP-OAM-L,Accelerated,bulkLiMgAlZnSn_600K_J_Schmidt_VASP,600.0,3015,76.34,0.02532,25.32,torch-sim-0.6.1+aotinductor-force-only,/home/mjgawkowski/Finite-Temperature-MLIP-Benchmark/paper_v2_configs/data/mlip-trajs-torchsim-accelerated/bulkLiMgAlZnSn_600K_J_Schmidt_VASP/md_timing_nequip-oam-l-force-only.csv
nequip-oam-l-force-only,NequIP-OAM-L,Accelerated,bulkLiMgAlZnSn_900K_J_Schmidt_VASP,900.0,2181,55.03,0.025233,25.232999999999997,torch-sim-0.6.1+aotinductor-force-only,/home/mjgawkowski/Finite-Temperature-MLIP-Benchmark/paper_v2_configs/data/mlip-trajs-torchsim-accelerated/bulkLiMgAlZnSn_900K_J_Schmidt_VASP/md_timing_nequip-oam-l-force-only.csv
nequip-oam-l-force-only,NequIP-OAM-L,Accelerated,bulkMoS2_300K_NO-VdW_J.Kioseoglou_VASP,300.0,20000,233.78,0.011689,11.689,torch-sim-0.6.1+aotinductor-force-only,/home/mjgawkowski/Finite-Temperature-MLIP-Benchmark/paper_v2_configs/data/mlip-trajs-torchsim-accelerated/bulkMoS2_300K_NO-VdW_J.Kioseoglou_VASP/md_timing_nequip-oam-l-force-only.csv
nequip-oam-l-force-only,NequIP-OAM-L,Accelerated,bulkPt3Co_300K_J.Kioseoglou_VASP,300.0,20927,282.86,0.013517,13.517,torch-sim-0.6.1+aotinductor-force-only,/home/mjgawkowski/Finite-Temperature-MLIP-Benchmark/paper_v2_configs/data/mlip-trajs-torchsim-accelerated/bulkPt3Co_300K_J.Kioseoglou_VASP/md_timing_nequip-oam-l-force-only.csv
nequip-oam-l-force-only,NequIP-OAM-L,Accelerated,naphthalene_295K_Sharma_S,295.0,7557,126.02,0.016676,16.676,torch-sim-0.6.1+aotinductor-force-only,/home/mjgawkowski/Finite-Temperature-MLIP-Benchmark/paper_v2_configs/data/mlip-trajs-torchsim-accelerated/naphthalene_295K_Sharma_S/md_timing_nequip-oam-l-force-only.csv
nequip-oam-l-force-only,NequIP-OAM-L,Accelerated,pentacene_295K_Sharma_S,295.0,15579,211.98,0.013607,13.607,torch-sim-0.6.1+aotinductor-force-only,/home/mjgawkowski/Finite-Temperature-MLIP-Benchmark/paper_v2_configs/data/mlip-trajs-torchsim-accelerated/pentacene_295K_Sharma_S/md_timing_nequip-oam-l-force-only.csv
nequip-oam-l-force-only,NequIP-OAM-L,Accelerated,picene_295K_Sharma_S,295.0,14151,188.21,0.0133,13.299999999999999,torch-sim-0.6.1+aotinductor-force-only,/home/mjgawkowski/Finite-Temperature-MLIP-Benchmark/paper_v2_configs/data/mlip-trajs-torchsim-accelerated/picene_295K_Sharma_S/md_timing_nequip-oam-l-force-only.csv
nequip-oam-l-force-only,NequIP-OAM-L,Accelerated,tetracene_295K_Sharma_S,295.0,16000,212.59,0.013287,13.287,torch-sim-0.6.1+aotinductor-force-only,/home/mjgawkowski/Finite-Temperature-MLIP-Benchmark/paper_v2_configs/data/mlip-trajs-torchsim-accelerated/tetracene_295K_Sharma_S/md_timing_nequip-oam-l-force-only.csv
nequip-oam-l-force-only,NequIP-OAM-L,Standard,CsSnI3_500K_Ivor_VASP,500.0,14758,743.25,0.050362,50.361999999999995,torch-sim-0.6.1+nequip-eager-force-only,/home/mjgawkowski/Finite-Temperature-MLIP-Benchmark/paper_v2_configs/data/mlip-trajs-torchsim-eager/CsSnI3_500K_Ivor_VASP/md_timing_nequip-oam-l-force-only.csv
nequip-oam-l-force-only,NequIP-OAM-L,Standard,MAPbBr3_300K_Ivor_VASP,300.0,60000,3924.69,0.065412,65.41199999999999,torch-sim-0.6.1+nequip-eager-force-only,/home/mjgawkowski/Finite-Temperature-MLIP-Benchmark/paper_v2_configs/data/mlip-trajs-torchsim-eager/MAPbBr3_300K_Ivor_VASP/md_timing_nequip-oam-l-force-only.csv
nequip-oam-l-force-only,NequIP-OAM-L,Standard,Pt111w24H2O_380K_Heenen_VASP,380.0,3843,312.84,0.081406,81.406,torch-sim-0.6.1+nequip-eager-force-only,/home/mjgawkowski/Finite-Temperature-MLIP-Benchmark/paper_v2_configs/data/mlip-trajs-torchsim-eager/Pt111w24H2O_380K_Heenen_VASP/md_timing_nequip-oam-l-force-only.csv
nequip-oam-l-force-only,NequIP-OAM-L,Standard,TiSe2_400K_Ivor_VASP,400.0,14716,805.66,0.054747,54.747,torch-sim-0.6.1+nequip-eager-force-only,/home/mjgawkowski/Finite-Temperature-MLIP-Benchmark/paper_v2_configs/data/mlip-trajs-torchsim-eager/TiSe2_400K_Ivor_VASP/md_timing_nequip-oam-l-force-only.csv
nequip-oam-l-force-only,NequIP-OAM-L,Standard,anthracene_293K_Sharma_S,293.0,16000,1047.56,0.065473,65.473,torch-sim-0.6.1+nequip-eager-force-only,/home/mjgawkowski/Finite-Temperature-MLIP-Benchmark/paper_v2_configs/data/mlip-trajs-torchsim-eager/anthracene_293K_Sharma_S/md_timing_nequip-oam-l-force-only.csv
nequip-oam-l-force-only,NequIP-OAM-L,Standard,bulkAg_600K_Kapil,600.0,24881,1887.88,0.075876,75.876,torch-sim-0.6.1+nequip-eager-force-only,/home/mjgawkowski/Finite-Temperature-MLIP-Benchmark/paper_v2_configs/data/mlip-trajs-torchsim-eager/bulkAg_600K_Kapil/md_timing_nequip-oam-l-force-only.csv
nequip-oam-l-force-only,NequIP-OAM-L,Standard,bulkAu_1500K_Kapil,1500.0,20162,2393.4,0.118708,118.708,torch-sim-0.6.1+nequip-eager-force-only,/home/mjgawkowski/Finite-Temperature-MLIP-Benchmark/paper_v2_configs/data/mlip-trajs-torchsim-eager/bulkAu_1500K_Kapil/md_timing_nequip-oam-l-force-only.csv
nequip-oam-l-force-only,NequIP-OAM-L,Standard,bulkCuAu_500K-Artrith_VASP,500.0,1105,111.41,0.100826,100.826,torch-sim-0.6.1+nequip-eager-force-only,/home/mjgawkowski/Finite-Temperature-MLIP-Benchmark/paper_v2_configs/data/mlip-trajs-torchsim-eager/bulkCuAu_500K-Artrith_VASP/md_timing_nequip-oam-l-force-only.csv
nequip-oam-l-force-only,NequIP-OAM-L,Standard,bulkCuZrAl_1500K_A.Wadowski-J.Schmidt_VASP,1500.0,2718,294.64,0.108403,108.403,torch-sim-0.6.1+nequip-eager-force-only,/home/mjgawkowski/Finite-Temperature-MLIP-Benchmark/paper_v2_configs/data/mlip-trajs-torchsim-eager/bulkCuZrAl_1500K_A.Wadowski-J.Schmidt_VASP/md_timing_nequip-oam-l-force-only.csv
nequip-oam-l-force-only,NequIP-OAM-L,Standard,bulkCu_1000K_Kapil,1000.0,36007,3717.61,0.103247,103.247,torch-sim-0.6.1+nequip-eager-force-only,/home/mjgawkowski/Finite-Temperature-MLIP-Benchmark/paper_v2_configs/data/mlip-trajs-torchsim-eager/bulkCu_1000K_Kapil/md_timing_nequip-oam-l-force-only.csv
nequip-oam-l-force-only,NequIP-OAM-L,Standard,bulkLiMgAlZnSn_600K_J_Schmidt_VASP,600.0,3015,752.18,0.249479,249.479,torch-sim-0.6.1+nequip-eager-force-only,/home/mjgawkowski/Finite-Temperature-MLIP-Benchmark/paper_v2_configs/data/mlip-trajs-torchsim-eager/bulkLiMgAlZnSn_600K_J_Schmidt_VASP/md_timing_nequip-oam-l-force-only.csv
nequip-oam-l-force-only,NequIP-OAM-L,Standard,bulkLiMgAlZnSn_900K_J_Schmidt_VASP,900.0,2181,541.57,0.248312,248.312,torch-sim-0.6.1+nequip-eager-force-only,/home/mjgawkowski/Finite-Temperature-MLIP-Benchmark/paper_v2_configs/data/mlip-trajs-torchsim-eager/bulkLiMgAlZnSn_900K_J_Schmidt_VASP/md_timing_nequip-oam-l-force-only.csv
nequip-oam-l-force-only,NequIP-OAM-L,Standard,bulkMoS2_300K_NO-VdW_J.Kioseoglou_VASP,300.0,20000,1386.94,0.069347,69.34700000000001,torch-sim-0.6.1+nequip-eager-force-only,/home/mjgawkowski/Finite-Temperature-MLIP-Benchmark/paper_v2_configs/data/mlip-trajs-torchsim-eager/bulkMoS2_300K_NO-VdW_J.Kioseoglou_VASP/md_timing_nequip-oam-l-force-only.csv
nequip-oam-l-force-only,NequIP-OAM-L,Standard,bulkPt3Co_300K_J.Kioseoglou_VASP,300.0,20927,1816.38,0.086796,86.79599999999999,torch-sim-0.6.1+nequip-eager-force-only,/home/mjgawkowski/Finite-Temperature-MLIP-Benchmark/paper_v2_configs/data/mlip-trajs-torchsim-eager/bulkPt3Co_300K_J.Kioseoglou_VASP/md_timing_nequip-oam-l-force-only.csv
nequip-oam-l-force-only,NequIP-OAM-L,Standard,naphthalene_295K_Sharma_S,295.0,7557,1156.84,0.153082,153.082,torch-sim-0.6.1+nequip-eager-force-only,/home/mjgawkowski/Finite-Temperature-MLIP-Benchmark/paper_v2_configs/data/mlip-trajs-torchsim-eager/naphthalene_295K_Sharma_S/md_timing_nequip-oam-l-force-only.csv
nequip-oam-l-force-only,NequIP-OAM-L,Standard,pentacene_295K_Sharma_S,295.0,15579,1335.82,0.085745,85.745,torch-sim-0.6.1+nequip-eager-force-only,/home/mjgawkowski/Finite-Temperature-MLIP-Benchmark/paper_v2_configs/data/mlip-trajs-torchsim-eager/pentacene_295K_Sharma_S/md_timing_nequip-oam-l-force-only.csv
nequip-oam-l-force-only,NequIP-OAM-L,Standard,picene_295K_Sharma_S,295.0,14151,1204.49,0.085117,85.117,torch-sim-0.6.1+nequip-eager-force-only,/home/mjgawkowski/Finite-Temperature-MLIP-Benchmark/paper_v2_configs/data/mlip-trajs-torchsim-eager/picene_295K_Sharma_S/md_timing_nequip-oam-l-force-only.csv
nequip-oam-l-force-only,NequIP-OAM-L,Standard,tetracene_295K_Sharma_S,295.0,16000,1204.82,0.075301,75.301,torch-sim-0.6.1+nequip-eager-force-only,/home/mjgawkowski/Finite-Temperature-MLIP-Benchmark/paper_v2_configs/data/mlip-trajs-torchsim-eager/tetracene_295K_Sharma_S/md_timing_nequip-oam-l-force-only.csv
orb-v2-force-only,ORB-v2,Accelerated,CsSnI3_500K_Ivor_VASP,500.0,14758,245.21,0.016615,16.615000000000002,torch-sim-0.6.1+compile+force-only,/home/mjgawkowski/Finite-Temperature-MLIP-Benchmark/paper_v2_configs/data/mlip-trajs-torchsim-accelerated/CsSnI3_500K_Ivor_VASP/md_timing_orb-v2-force-only.csv
orb-v2-force-only,ORB-v2,Accelerated,H_1050K_Rupp_QE,1050.0,1784,58.01,0.032518,32.518,torch-sim-0.6.1+compile+force-only,/home/mjgawkowski/Finite-Temperature-MLIP-Benchmark/paper_v2_configs/data/mlip-trajs-torchsim-accelerated/H_1050K_Rupp_QE/md_timing_orb-v2-force-only.csv
orb-v2-force-only,ORB-v2,Accelerated,MAPbBr3_300K_Ivor_VASP,300.0,60000,976.56,0.016276,16.276,torch-sim-0.6.1+compile+force-only,/home/mjgawkowski/Finite-Temperature-MLIP-Benchmark/paper_v2_configs/data/mlip-trajs-torchsim-accelerated/MAPbBr3_300K_Ivor_VASP/md_timing_orb-v2-force-only.csv
orb-v2-force-only,ORB-v2,Accelerated,Pt111w24H2O_380K_Heenen_VASP,380.0,3843,63.57,0.016543,16.543,torch-sim-0.6.1+compile+force-only,/home/mjgawkowski/Finite-Temperature-MLIP-Benchmark/paper_v2_configs/data/mlip-trajs-torchsim-accelerated/Pt111w24H2O_380K_Heenen_VASP/md_timing_orb-v2-force-only.csv
orb-v2-force-only,ORB-v2,Accelerated,TiSe2_400K_Ivor_VASP,400.0,14716,243.47,0.016545,16.545,torch-sim-0.6.1+compile+force-only,/home/mjgawkowski/Finite-Temperature-MLIP-Benchmark/paper_v2_configs/data/mlip-trajs-torchsim-accelerated/TiSe2_400K_Ivor_VASP/md_timing_orb-v2-force-only.csv
orb-v2-force-only,ORB-v2,Accelerated,anthracene_293K_Sharma_S,293.0,16000,247.06,0.015441,15.441,torch-sim-0.6.1+compile+force-only,/home/mjgawkowski/Finite-Temperature-MLIP-Benchmark/paper_v2_configs/data/mlip-trajs-torchsim-accelerated/anthracene_293K_Sharma_S/md_timing_orb-v2-force-only.csv
orb-v2-force-only,ORB-v2,Accelerated,bulkAg_600K_Kapil,600.0,24881,413.76,0.01663,16.63,torch-sim-0.6.1+compile+force-only,/home/mjgawkowski/Finite-Temperature-MLIP-Benchmark/paper_v2_configs/data/mlip-trajs-torchsim-accelerated/bulkAg_600K_Kapil/md_timing_orb-v2-force-only.csv
orb-v2-force-only,ORB-v2,Accelerated,bulkAu_1500K_Kapil,1500.0,20162,392.79,0.019482,19.482,torch-sim-0.6.1+compile+force-only,/home/mjgawkowski/Finite-Temperature-MLIP-Benchmark/paper_v2_configs/data/mlip-trajs-torchsim-accelerated/bulkAu_1500K_Kapil/md_timing_orb-v2-force-only.csv
orb-v2-force-only,ORB-v2,Accelerated,bulkCuAu_500K-Artrith_VASP,500.0,1105,18.64,0.016868,16.868000000000002,torch-sim-0.6.1+compile+force-only,/home/mjgawkowski/Finite-Temperature-MLIP-Benchmark/paper_v2_configs/data/mlip-trajs-torchsim-accelerated/bulkCuAu_500K-Artrith_VASP/md_timing_orb-v2-force-only.csv
orb-v2-force-only,ORB-v2,Accelerated,bulkCuZrAl_1500K_A.Wadowski-J.Schmidt_VASP,1500.0,2718,49.79,0.018319,18.319,torch-sim-0.6.1+compile+force-only,/home/mjgawkowski/Finite-Temperature-MLIP-Benchmark/paper_v2_configs/data/mlip-trajs-torchsim-accelerated/bulkCuZrAl_1500K_A.Wadowski-J.Schmidt_VASP/md_timing_orb-v2-force-only.csv
orb-v2-force-only,ORB-v2,Accelerated,bulkCu_1000K_Kapil,1000.0,36007,602.69,0.016738,16.738,torch-sim-0.6.1+compile+force-only,/home/mjgawkowski/Finite-Temperature-MLIP-Benchmark/paper_v2_configs/data/mlip-trajs-torchsim-accelerated/bulkCu_1000K_Kapil/md_timing_orb-v2-force-only.csv
orb-v2-force-only,ORB-v2,Accelerated,bulkLiMgAlZnSn_600K_J_Schmidt_VASP,600.0,3015,95.63,0.031718,31.718000000000004,torch-sim-0.6.1+compile+force-only,/home/mjgawkowski/Finite-Temperature-MLIP-Benchmark/paper_v2_configs/data/mlip-trajs-torchsim-accelerated/bulkLiMgAlZnSn_600K_J_Schmidt_VASP/md_timing_orb-v2-force-only.csv
orb-v2-force-only,ORB-v2,Accelerated,bulkLiMgAlZnSn_900K_J_Schmidt_VASP,900.0,2181,68.96,0.031618,31.618,torch-sim-0.6.1+compile+force-only,/home/mjgawkowski/Finite-Temperature-MLIP-Benchmark/paper_v2_configs/data/mlip-trajs-torchsim-accelerated/bulkLiMgAlZnSn_900K_J_Schmidt_VASP/md_timing_orb-v2-force-only.csv
orb-v2-force-only,ORB-v2,Accelerated,bulkMoS2_300K_NO-VdW_J.Kioseoglou_VASP,300.0,20000,308.41,0.01542,15.42,torch-sim-0.6.1+compile+force-only,/home/mjgawkowski/Finite-Temperature-MLIP-Benchmark/paper_v2_configs/data/mlip-trajs-torchsim-accelerated/bulkMoS2_300K_NO-VdW_J.Kioseoglou_VASP/md_timing_orb-v2-force-only.csv
orb-v2-force-only,ORB-v2,Accelerated,bulkPt3Co_300K_J.Kioseoglou_VASP,300.0,20927,348.1,0.016634,16.634,torch-sim-0.6.1+compile+force-only,/home/mjgawkowski/Finite-Temperature-MLIP-Benchmark/paper_v2_configs/data/mlip-trajs-torchsim-accelerated/bulkPt3Co_300K_J.Kioseoglou_VASP/md_timing_orb-v2-force-only.csv
orb-v2-force-only,ORB-v2,Accelerated,naphthalene_295K_Sharma_S,295.0,7557,138.57,0.018336,18.336000000000002,torch-sim-0.6.1+compile+force-only,/home/mjgawkowski/Finite-Temperature-MLIP-Benchmark/paper_v2_configs/data/mlip-trajs-torchsim-accelerated/naphthalene_295K_Sharma_S/md_timing_orb-v2-force-only.csv
orb-v2-force-only,ORB-v2,Accelerated,pentacene_295K_Sharma_S,295.0,15579,248.39,0.015944,15.943999999999999,torch-sim-0.6.1+compile+force-only,/home/mjgawkowski/Finite-Temperature-MLIP-Benchmark/paper_v2_configs/data/mlip-trajs-torchsim-accelerated/pentacene_295K_Sharma_S/md_timing_orb-v2-force-only.csv
orb-v2-force-only,ORB-v2,Accelerated,picene_295K_Sharma_S,295.0,14151,222.51,0.015724,15.723999999999998,torch-sim-0.6.1+compile+force-only,/home/mjgawkowski/Finite-Temperature-MLIP-Benchmark/paper_v2_configs/data/mlip-trajs-torchsim-accelerated/picene_295K_Sharma_S/md_timing_orb-v2-force-only.csv
orb-v2-force-only,ORB-v2,Accelerated,tetracene_295K_Sharma_S,295.0,16000,245.79,0.015362,15.362,torch-sim-0.6.1+compile+force-only,/home/mjgawkowski/Finite-Temperature-MLIP-Benchmark/paper_v2_configs/data/mlip-trajs-torchsim-accelerated/tetracene_295K_Sharma_S/md_timing_orb-v2-force-only.csv
orb-v2-force-only-eager,ORB-v2,Standard,CsSnI3_500K_Ivor_VASP,500.0,14758,280.25,0.018989,18.988999999999997,torch-sim-0.6.1+orb-models-0.6.2-force-only-eager,/home/mjgawkowski/Finite-Temperature-MLIP-Benchmark/paper_v2_configs/data/mlip-trajs-torchsim-eager/CsSnI3_500K_Ivor_VASP/md_timing_orb-v2-force-only-eager.csv
orb-v2-force-only-eager,ORB-v2,Standard,H_1050K_Rupp_QE,1050.0,1784,70.54,0.039542,39.542,torch-sim-0.6.1+orb-models-0.6.2-force-only-eager,/home/mjgawkowski/Finite-Temperature-MLIP-Benchmark/paper_v2_configs/data/mlip-trajs-torchsim-eager/H_1050K_Rupp_QE/md_timing_orb-v2-force-only-eager.csv
orb-v2-force-only-eager,ORB-v2,Standard,MAPbBr3_300K_Ivor_VASP,300.0,60000,1081.19,0.01802,18.02,torch-sim-0.6.1+orb-models-0.6.2-force-only-eager,/home/mjgawkowski/Finite-Temperature-MLIP-Benchmark/paper_v2_configs/data/mlip-trajs-torchsim-eager/MAPbBr3_300K_Ivor_VASP/md_timing_orb-v2-force-only-eager.csv
orb-v2-force-only-eager,ORB-v2,Standard,Pt111w24H2O_380K_Heenen_VASP,380.0,3843,71.75,0.018671,18.671,torch-sim-0.6.1+orb-models-0.6.2-force-only-eager,/home/mjgawkowski/Finite-Temperature-MLIP-Benchmark/paper_v2_configs/data/mlip-trajs-torchsim-eager/Pt111w24H2O_380K_Heenen_VASP/md_timing_orb-v2-force-only-eager.csv
orb-v2-force-only-eager,ORB-v2,Standard,TiSe2_400K_Ivor_VASP,400.0,14716,273.23,0.018567,18.567,torch-sim-0.6.1+orb-models-0.6.2-force-only-eager,/home/mjgawkowski/Finite-Temperature-MLIP-Benchmark/paper_v2_configs/data/mlip-trajs-torchsim-eager/TiSe2_400K_Ivor_VASP/md_timing_orb-v2-force-only-eager.csv
orb-v2-force-only-eager,ORB-v2,Standard,anthracene_293K_Sharma_S,293.0,16000,262.8,0.016425,16.424999999999997,torch-sim-0.6.1+orb-models-0.6.2-force-only-eager,/home/mjgawkowski/Finite-Temperature-MLIP-Benchmark/paper_v2_configs/data/mlip-trajs-torchsim-eager/anthracene_293K_Sharma_S/md_timing_orb-v2-force-only-eager.csv
orb-v2-force-only-eager,ORB-v2,Standard,bulkAg_600K_Kapil,600.0,24881,462.35,0.018583,18.583,torch-sim-0.6.1+orb-models-0.6.2-force-only-eager,/home/mjgawkowski/Finite-Temperature-MLIP-Benchmark/paper_v2_configs/data/mlip-trajs-torchsim-eager/bulkAg_600K_Kapil/md_timing_orb-v2-force-only-eager.csv
orb-v2-force-only-eager,ORB-v2,Standard,bulkAu_1500K_Kapil,1500.0,20162,451.74,0.022406,22.406,torch-sim-0.6.1+orb-models-0.6.2-force-only-eager,/home/mjgawkowski/Finite-Temperature-MLIP-Benchmark/paper_v2_configs/data/mlip-trajs-torchsim-eager/bulkAu_1500K_Kapil/md_timing_orb-v2-force-only-eager.csv
orb-v2-force-only-eager,ORB-v2,Standard,bulkCuAu_500K-Artrith_VASP,500.0,1105,21.35,0.019319,19.319,torch-sim-0.6.1+orb-models-0.6.2-force-only-eager,/home/mjgawkowski/Finite-Temperature-MLIP-Benchmark/paper_v2_configs/data/mlip-trajs-torchsim-eager/bulkCuAu_500K-Artrith_VASP/md_timing_orb-v2-force-only-eager.csv
orb-v2-force-only-eager,ORB-v2,Standard,bulkCuZrAl_1500K_A.Wadowski-J.Schmidt_VASP,1500.0,2718,56.04,0.020619,20.619,torch-sim-0.6.1+orb-models-0.6.2-force-only-eager,/home/mjgawkowski/Finite-Temperature-MLIP-Benchmark/paper_v2_configs/data/mlip-trajs-torchsim-eager/bulkCuZrAl_1500K_A.Wadowski-J.Schmidt_VASP/md_timing_orb-v2-force-only-eager.csv
orb-v2-force-only-eager,ORB-v2,Standard,bulkCu_1000K_Kapil,1000.0,36007,672.81,0.018685,18.685,torch-sim-0.6.1+orb-models-0.6.2-force-only-eager,/home/mjgawkowski/Finite-Temperature-MLIP-Benchmark/paper_v2_configs/data/mlip-trajs-torchsim-eager/bulkCu_1000K_Kapil/md_timing_orb-v2-force-only-eager.csv
orb-v2-force-only-eager,ORB-v2,Standard,bulkLiMgAlZnSn_600K_J_Schmidt_VASP,600.0,3015,114.72,0.03805,38.05,torch-sim-0.6.1+orb-models-0.6.2-force-only-eager,/home/mjgawkowski/Finite-Temperature-MLIP-Benchmark/paper_v2_configs/data/mlip-trajs-torchsim-eager/bulkLiMgAlZnSn_600K_J_Schmidt_VASP/md_timing_orb-v2-force-only-eager.csv
orb-v2-force-only-eager,ORB-v2,Standard,bulkLiMgAlZnSn_900K_J_Schmidt_VASP,900.0,2181,82.72,0.037927,37.927,torch-sim-0.6.1+orb-models-0.6.2-force-only-eager,/home/mjgawkowski/Finite-Temperature-MLIP-Benchmark/paper_v2_configs/data/mlip-trajs-torchsim-eager/bulkLiMgAlZnSn_900K_J_Schmidt_VASP/md_timing_orb-v2-force-only-eager.csv
orb-v2-force-only-eager,ORB-v2,Standard,bulkMoS2_300K_NO-VdW_J.Kioseoglou_VASP,300.0,20000,343.99,0.0172,17.2,torch-sim-0.6.1+orb-models-0.6.2-force-only-eager,/home/mjgawkowski/Finite-Temperature-MLIP-Benchmark/paper_v2_configs/data/mlip-trajs-torchsim-eager/bulkMoS2_300K_NO-VdW_J.Kioseoglou_VASP/md_timing_orb-v2-force-only-eager.csv
orb-v2-force-only-eager,ORB-v2,Standard,bulkPt3Co_300K_J.Kioseoglou_VASP,300.0,20927,389.67,0.018621,18.621,torch-sim-0.6.1+orb-models-0.6.2-force-only-eager,/home/mjgawkowski/Finite-Temperature-MLIP-Benchmark/paper_v2_configs/data/mlip-trajs-torchsim-eager/bulkPt3Co_300K_J.Kioseoglou_VASP/md_timing_orb-v2-force-only-eager.csv
orb-v2-force-only-eager,ORB-v2,Standard,naphthalene_295K_Sharma_S,295.0,7557,155.29,0.020549,20.549000000000003,torch-sim-0.6.1+orb-models-0.6.2-force-only-eager,/home/mjgawkowski/Finite-Temperature-MLIP-Benchmark/paper_v2_configs/data/mlip-trajs-torchsim-eager/naphthalene_295K_Sharma_S/md_timing_orb-v2-force-only-eager.csv
orb-v2-force-only-eager,ORB-v2,Standard,pentacene_295K_Sharma_S,295.0,15579,265.58,0.017047,17.047,torch-sim-0.6.1+orb-models-0.6.2-force-only-eager,/home/mjgawkowski/Finite-Temperature-MLIP-Benchmark/paper_v2_configs/data/mlip-trajs-torchsim-eager/pentacene_295K_Sharma_S/md_timing_orb-v2-force-only-eager.csv
orb-v2-force-only-eager,ORB-v2,Standard,picene_295K_Sharma_S,295.0,14151,240.14,0.01697,16.97,torch-sim-0.6.1+orb-models-0.6.2-force-only-eager,/home/mjgawkowski/Finite-Temperature-MLIP-Benchmark/paper_v2_configs/data/mlip-trajs-torchsim-eager/picene_295K_Sharma_S/md_timing_orb-v2-force-only-eager.csv
orb-v2-force-only-eager,ORB-v2,Standard,tetracene_295K_Sharma_S,295.0,16000,266.87,0.01668,16.68,torch-sim-0.6.1+orb-models-0.6.2-force-only-eager,/home/mjgawkowski/Finite-Temperature-MLIP-Benchmark/paper_v2_configs/data/mlip-trajs-torchsim-eager/tetracene_295K_Sharma_S/md_timing_orb-v2-force-only-eager.csv
orb-v3-direct-force-only,ORB-v3 direct,Accelerated,CsSnI3_500K_Ivor_VASP,500.0,14758,236.62,0.016033,16.032999999999998,torch-sim-0.6.1+compile+force-only,/home/mjgawkowski/Finite-Temperature-MLIP-Benchmark/paper_v2_configs/data/mlip-trajs-torchsim-accelerated/CsSnI3_500K_Ivor_VASP/md_timing_orb-v3-direct-force-only.csv
orb-v3-direct-force-only,ORB-v3 direct,Accelerated,H_1050K_Rupp_QE,1050.0,1784,52.09,0.0292,29.2,torch-sim-0.6.1+compile+force-only,/home/mjgawkowski/Finite-Temperature-MLIP-Benchmark/paper_v2_configs/data/mlip-trajs-torchsim-accelerated/H_1050K_Rupp_QE/md_timing_orb-v3-direct-force-only.csv
orb-v3-direct-force-only,ORB-v3 direct,Accelerated,MAPbBr3_300K_Ivor_VASP,300.0,60000,940.64,0.015677,15.677,torch-sim-0.6.1+compile+force-only,/home/mjgawkowski/Finite-Temperature-MLIP-Benchmark/paper_v2_configs/data/mlip-trajs-torchsim-accelerated/MAPbBr3_300K_Ivor_VASP/md_timing_orb-v3-direct-force-only.csv
orb-v3-direct-force-only,ORB-v3 direct,Accelerated,Pt111w24H2O_380K_Heenen_VASP,380.0,3843,61.39,0.015974,15.973999999999998,torch-sim-0.6.1+compile+force-only,/home/mjgawkowski/Finite-Temperature-MLIP-Benchmark/paper_v2_configs/data/mlip-trajs-torchsim-accelerated/Pt111w24H2O_380K_Heenen_VASP/md_timing_orb-v3-direct-force-only.csv
orb-v3-direct-force-only,ORB-v3 direct,Accelerated,TiSe2_400K_Ivor_VASP,400.0,14716,235.6,0.01601,16.01,torch-sim-0.6.1+compile+force-only,/home/mjgawkowski/Finite-Temperature-MLIP-Benchmark/paper_v2_configs/data/mlip-trajs-torchsim-accelerated/TiSe2_400K_Ivor_VASP/md_timing_orb-v3-direct-force-only.csv
orb-v3-direct-force-only,ORB-v3 direct,Accelerated,anthracene_293K_Sharma_S,293.0,16000,232.98,0.014561,14.561,torch-sim-0.6.1+compile+force-only,/home/mjgawkowski/Finite-Temperature-MLIP-Benchmark/paper_v2_configs/data/mlip-trajs-torchsim-accelerated/anthracene_293K_Sharma_S/md_timing_orb-v3-direct-force-only.csv
orb-v3-direct-force-only,ORB-v3 direct,Accelerated,bulkAg_600K_Kapil,600.0,24881,398.2,0.016004,16.004,torch-sim-0.6.1+compile+force-only,/home/mjgawkowski/Finite-Temperature-MLIP-Benchmark/paper_v2_configs/data/mlip-trajs-torchsim-accelerated/bulkAg_600K_Kapil/md_timing_orb-v3-direct-force-only.csv
orb-v3-direct-force-only,ORB-v3 direct,Accelerated,bulkAu_1500K_Kapil,1500.0,20162,370.63,0.018383,18.383,torch-sim-0.6.1+compile+force-only,/home/mjgawkowski/Finite-Temperature-MLIP-Benchmark/paper_v2_configs/data/mlip-trajs-torchsim-accelerated/bulkAu_1500K_Kapil/md_timing_orb-v3-direct-force-only.csv
orb-v3-direct-force-only,ORB-v3 direct,Accelerated,bulkCuAu_500K-Artrith_VASP,500.0,1105,17.85,0.016158,16.157999999999998,torch-sim-0.6.1+compile+force-only,/home/mjgawkowski/Finite-Temperature-MLIP-Benchmark/paper_v2_configs/data/mlip-trajs-torchsim-accelerated/bulkCuAu_500K-Artrith_VASP/md_timing_orb-v3-direct-force-only.csv
orb-v3-direct-force-only,ORB-v3 direct,Accelerated,bulkCuZrAl_1500K_A.Wadowski-J.Schmidt_VASP,1500.0,2718,46.48,0.017102,17.102,torch-sim-0.6.1+compile+force-only,/home/mjgawkowski/Finite-Temperature-MLIP-Benchmark/paper_v2_configs/data/mlip-trajs-torchsim-accelerated/bulkCuZrAl_1500K_A.Wadowski-J.Schmidt_VASP/md_timing_orb-v3-direct-force-only.csv
orb-v3-direct-force-only,ORB-v3 direct,Accelerated,bulkCu_1000K_Kapil,1000.0,36007,579.61,0.016097,16.097,torch-sim-0.6.1+compile+force-only,/home/mjgawkowski/Finite-Temperature-MLIP-Benchmark/paper_v2_configs/data/mlip-trajs-torchsim-accelerated/bulkCu_1000K_Kapil/md_timing_orb-v3-direct-force-only.csv
orb-v3-direct-force-only,ORB-v3 direct,Accelerated,bulkLiMgAlZnSn_600K_J_Schmidt_VASP,600.0,3015,84.43,0.028004,28.004,torch-sim-0.6.1+compile+force-only,/home/mjgawkowski/Finite-Temperature-MLIP-Benchmark/paper_v2_configs/data/mlip-trajs-torchsim-accelerated/bulkLiMgAlZnSn_600K_J_Schmidt_VASP/md_timing_orb-v3-direct-force-only.csv
orb-v3-direct-force-only,ORB-v3 direct,Accelerated,bulkLiMgAlZnSn_900K_J_Schmidt_VASP,900.0,2181,61.03,0.027983,27.983,torch-sim-0.6.1+compile+force-only,/home/mjgawkowski/Finite-Temperature-MLIP-Benchmark/paper_v2_configs/data/mlip-trajs-torchsim-accelerated/bulkLiMgAlZnSn_900K_J_Schmidt_VASP/md_timing_orb-v3-direct-force-only.csv
orb-v3-direct-force-only,ORB-v3 direct,Accelerated,bulkMoS2_300K_NO-VdW_J.Kioseoglou_VASP,300.0,20000,295.9,0.014795,14.795000000000002,torch-sim-0.6.1+compile+force-only,/home/mjgawkowski/Finite-Temperature-MLIP-Benchmark/paper_v2_configs/data/mlip-trajs-torchsim-accelerated/bulkMoS2_300K_NO-VdW_J.Kioseoglou_VASP/md_timing_orb-v3-direct-force-only.csv
orb-v3-direct-force-only,ORB-v3 direct,Accelerated,bulkPt3Co_300K_J.Kioseoglou_VASP,300.0,20927,334.01,0.015961,15.961,torch-sim-0.6.1+compile+force-only,/home/mjgawkowski/Finite-Temperature-MLIP-Benchmark/paper_v2_configs/data/mlip-trajs-torchsim-accelerated/bulkPt3Co_300K_J.Kioseoglou_VASP/md_timing_orb-v3-direct-force-only.csv
orb-v3-direct-force-only,ORB-v3 direct,Accelerated,naphthalene_295K_Sharma_S,295.0,7557,129.73,0.017167,17.167,torch-sim-0.6.1+compile+force-only,/home/mjgawkowski/Finite-Temperature-MLIP-Benchmark/paper_v2_configs/data/mlip-trajs-torchsim-accelerated/naphthalene_295K_Sharma_S/md_timing_orb-v3-direct-force-only.csv
orb-v3-direct-force-only,ORB-v3 direct,Accelerated,pentacene_295K_Sharma_S,295.0,15579,237.86,0.015268,15.268,torch-sim-0.6.1+compile+force-only,/home/mjgawkowski/Finite-Temperature-MLIP-Benchmark/paper_v2_configs/data/mlip-trajs-torchsim-accelerated/pentacene_295K_Sharma_S/md_timing_orb-v3-direct-force-only.csv
orb-v3-direct-force-only,ORB-v3 direct,Accelerated,picene_295K_Sharma_S,295.0,14151,213.2,0.015066,15.065999999999999,torch-sim-0.6.1+compile+force-only,/home/mjgawkowski/Finite-Temperature-MLIP-Benchmark/paper_v2_configs/data/mlip-trajs-torchsim-accelerated/picene_295K_Sharma_S/md_timing_orb-v3-direct-force-only.csv
orb-v3-direct-force-only,ORB-v3 direct,Accelerated,tetracene_295K_Sharma_S,295.0,16000,237.23,0.014827,14.827,torch-sim-0.6.1+compile+force-only,/home/mjgawkowski/Finite-Temperature-MLIP-Benchmark/paper_v2_configs/data/mlip-trajs-torchsim-accelerated/tetracene_295K_Sharma_S/md_timing_orb-v3-direct-force-only.csv
orb-v3-direct-force-only-eager,ORB-v3 direct,Standard,CsSnI3_500K_Ivor_VASP,500.0,14758,246.32,0.016691,16.691000000000003,torch-sim-0.6.1+orb-models-0.6.2-force-only-eager,/home/mjgawkowski/Finite-Temperature-MLIP-Benchmark/paper_v2_configs/data/mlip-trajs-torchsim-eager/CsSnI3_500K_Ivor_VASP/md_timing_orb-v3-direct-force-only-eager.csv
orb-v3-direct-force-only-eager,ORB-v3 direct,Standard,H_1050K_Rupp_QE,1050.0,1784,55.06,0.030866,30.866,torch-sim-0.6.1+orb-models-0.6.2-force-only-eager,/home/mjgawkowski/Finite-Temperature-MLIP-Benchmark/paper_v2_configs/data/mlip-trajs-torchsim-eager/H_1050K_Rupp_QE/md_timing_orb-v3-direct-force-only-eager.csv
orb-v3-direct-force-only-eager,ORB-v3 direct,Standard,MAPbBr3_300K_Ivor_VASP,300.0,60000,983.96,0.016399,16.399,torch-sim-0.6.1+orb-models-0.6.2-force-only-eager,/home/mjgawkowski/Finite-Temperature-MLIP-Benchmark/paper_v2_configs/data/mlip-trajs-torchsim-eager/MAPbBr3_300K_Ivor_VASP/md_timing_orb-v3-direct-force-only-eager.csv
orb-v3-direct-force-only-eager,ORB-v3 direct,Standard,Pt111w24H2O_380K_Heenen_VASP,380.0,3843,64.46,0.016774,16.774,torch-sim-0.6.1+orb-models-0.6.2-force-only-eager,/home/mjgawkowski/Finite-Temperature-MLIP-Benchmark/paper_v2_configs/data/mlip-trajs-torchsim-eager/Pt111w24H2O_380K_Heenen_VASP/md_timing_orb-v3-direct-force-only-eager.csv
orb-v3-direct-force-only-eager,ORB-v3 direct,Standard,TiSe2_400K_Ivor_VASP,400.0,14716,246.55,0.016754,16.754,torch-sim-0.6.1+orb-models-0.6.2-force-only-eager,/home/mjgawkowski/Finite-Temperature-MLIP-Benchmark/paper_v2_configs/data/mlip-trajs-torchsim-eager/TiSe2_400K_Ivor_VASP/md_timing_orb-v3-direct-force-only-eager.csv
orb-v3-direct-force-only-eager,ORB-v3 direct,Standard,anthracene_293K_Sharma_S,293.0,16000,234.79,0.014675,14.675,torch-sim-0.6.1+orb-models-0.6.2-force-only-eager,/home/mjgawkowski/Finite-Temperature-MLIP-Benchmark/paper_v2_configs/data/mlip-trajs-torchsim-eager/anthracene_293K_Sharma_S/md_timing_orb-v3-direct-force-only-eager.csv
orb-v3-direct-force-only-eager,ORB-v3 direct,Standard,bulkAg_600K_Kapil,600.0,24881,412.32,0.016572,16.572,torch-sim-0.6.1+orb-models-0.6.2-force-only-eager,/home/mjgawkowski/Finite-Temperature-MLIP-Benchmark/paper_v2_configs/data/mlip-trajs-torchsim-eager/bulkAg_600K_Kapil/md_timing_orb-v3-direct-force-only-eager.csv
orb-v3-direct-force-only-eager,ORB-v3 direct,Standard,bulkAu_1500K_Kapil,1500.0,20162,384.16,0.019054,19.054000000000002,torch-sim-0.6.1+orb-models-0.6.2-force-only-eager,/home/mjgawkowski/Finite-Temperature-MLIP-Benchmark/paper_v2_configs/data/mlip-trajs-torchsim-eager/bulkAu_1500K_Kapil/md_timing_orb-v3-direct-force-only-eager.csv
orb-v3-direct-force-only-eager,ORB-v3 direct,Standard,bulkCuAu_500K-Artrith_VASP,500.0,1105,18.62,0.01685,16.85,torch-sim-0.6.1+orb-models-0.6.2-force-only-eager,/home/mjgawkowski/Finite-Temperature-MLIP-Benchmark/paper_v2_configs/data/mlip-trajs-torchsim-eager/bulkCuAu_500K-Artrith_VASP/md_timing_orb-v3-direct-force-only-eager.csv
orb-v3-direct-force-only-eager,ORB-v3 direct,Standard,bulkCuZrAl_1500K_A.Wadowski-J.Schmidt_VASP,1500.0,2718,48.8,0.017954,17.954,torch-sim-0.6.1+orb-models-0.6.2-force-only-eager,/home/mjgawkowski/Finite-Temperature-MLIP-Benchmark/paper_v2_configs/data/mlip-trajs-torchsim-eager/bulkCuZrAl_1500K_A.Wadowski-J.Schmidt_VASP/md_timing_orb-v3-direct-force-only-eager.csv
orb-v3-direct-force-only-eager,ORB-v3 direct,Standard,bulkCu_1000K_Kapil,1000.0,36007,600.37,0.016674,16.674000000000003,torch-sim-0.6.1+orb-models-0.6.2-force-only-eager,/home/mjgawkowski/Finite-Temperature-MLIP-Benchmark/paper_v2_configs/data/mlip-trajs-torchsim-eager/bulkCu_1000K_Kapil/md_timing_orb-v3-direct-force-only-eager.csv
orb-v3-direct-force-only-eager,ORB-v3 direct,Standard,bulkLiMgAlZnSn_600K_J_Schmidt_VASP,600.0,3015,89.16,0.029573,29.572999999999997,torch-sim-0.6.1+orb-models-0.6.2-force-only-eager,/home/mjgawkowski/Finite-Temperature-MLIP-Benchmark/paper_v2_configs/data/mlip-trajs-torchsim-eager/bulkLiMgAlZnSn_600K_J_Schmidt_VASP/md_timing_orb-v3-direct-force-only-eager.csv
orb-v3-direct-force-only-eager,ORB-v3 direct,Standard,bulkLiMgAlZnSn_900K_J_Schmidt_VASP,900.0,2181,64.49,0.029567,29.567,torch-sim-0.6.1+orb-models-0.6.2-force-only-eager,/home/mjgawkowski/Finite-Temperature-MLIP-Benchmark/paper_v2_configs/data/mlip-trajs-torchsim-eager/bulkLiMgAlZnSn_900K_J_Schmidt_VASP/md_timing_orb-v3-direct-force-only-eager.csv
orb-v3-direct-force-only-eager,ORB-v3 direct,Standard,bulkMoS2_300K_NO-VdW_J.Kioseoglou_VASP,300.0,20000,309.94,0.015497,15.497,torch-sim-0.6.1+orb-models-0.6.2-force-only-eager,/home/mjgawkowski/Finite-Temperature-MLIP-Benchmark/paper_v2_configs/data/mlip-trajs-torchsim-eager/bulkMoS2_300K_NO-VdW_J.Kioseoglou_VASP/md_timing_orb-v3-direct-force-only-eager.csv
orb-v3-direct-force-only-eager,ORB-v3 direct,Standard,bulkPt3Co_300K_J.Kioseoglou_VASP,300.0,20927,346.44,0.016555,16.555,torch-sim-0.6.1+orb-models-0.6.2-force-only-eager,/home/mjgawkowski/Finite-Temperature-MLIP-Benchmark/paper_v2_configs/data/mlip-trajs-torchsim-eager/bulkPt3Co_300K_J.Kioseoglou_VASP/md_timing_orb-v3-direct-force-only-eager.csv
orb-v3-direct-force-only-eager,ORB-v3 direct,Standard,naphthalene_295K_Sharma_S,295.0,7557,134.79,0.017836,17.836000000000002,torch-sim-0.6.1+orb-models-0.6.2-force-only-eager,/home/mjgawkowski/Finite-Temperature-MLIP-Benchmark/paper_v2_configs/data/mlip-trajs-torchsim-eager/naphthalene_295K_Sharma_S/md_timing_orb-v3-direct-force-only-eager.csv
orb-v3-direct-force-only-eager,ORB-v3 direct,Standard,pentacene_295K_Sharma_S,295.0,15579,245.17,0.015737,15.737000000000002,torch-sim-0.6.1+orb-models-0.6.2-force-only-eager,/home/mjgawkowski/Finite-Temperature-MLIP-Benchmark/paper_v2_configs/data/mlip-trajs-torchsim-eager/pentacene_295K_Sharma_S/md_timing_orb-v3-direct-force-only-eager.csv
orb-v3-direct-force-only-eager,ORB-v3 direct,Standard,picene_295K_Sharma_S,295.0,14151,222.58,0.015729,15.729,torch-sim-0.6.1+orb-models-0.6.2-force-only-eager,/home/mjgawkowski/Finite-Temperature-MLIP-Benchmark/paper_v2_configs/data/mlip-trajs-torchsim-eager/picene_295K_Sharma_S/md_timing_orb-v3-direct-force-only-eager.csv
orb-v3-direct-force-only-eager,ORB-v3 direct,Standard,tetracene_295K_Sharma_S,295.0,16000,249.18,0.015573,15.573,torch-sim-0.6.1+orb-models-0.6.2-force-only-eager,/home/mjgawkowski/Finite-Temperature-MLIP-Benchmark/paper_v2_configs/data/mlip-trajs-torchsim-eager/tetracene_295K_Sharma_S/md_timing_orb-v3-direct-force-only-eager.csv
orb-v3-force-only,ORB-v3 conservative,Accelerated,CsSnI3_500K_Ivor_VASP,500.0,14758,356.52,0.024158,24.157999999999998,torch-sim-0.6.1+compile+force-only,/home/mjgawkowski/Finite-Temperature-MLIP-Benchmark/paper_v2_configs/data/mlip-trajs-torchsim-accelerated/CsSnI3_500K_Ivor_VASP/md_timing_orb-v3-force-only.csv
orb-v3-force-only,ORB-v3 conservative,Accelerated,H_1050K_Rupp_QE,1050.0,1784,377.64,0.21168,211.68,torch-sim-0.6.1+compile+force-only,/home/mjgawkowski/Finite-Temperature-MLIP-Benchmark/paper_v2_configs/data/mlip-trajs-torchsim-accelerated/H_1050K_Rupp_QE/md_timing_orb-v3-force-only.csv
orb-v3-force-only,ORB-v3 conservative,Accelerated,MAPbBr3_300K_Ivor_VASP,300.0,60000,1853.31,0.030888,30.887999999999998,torch-sim-0.6.1+compile+force-only,/home/mjgawkowski/Finite-Temperature-MLIP-Benchmark/paper_v2_configs/data/mlip-trajs-torchsim-accelerated/MAPbBr3_300K_Ivor_VASP/md_timing_orb-v3-force-only.csv
orb-v3-force-only,ORB-v3 conservative,Accelerated,Pt111w24H2O_380K_Heenen_VASP,380.0,3843,139.08,0.03619,36.19,torch-sim-0.6.1+compile+force-only,/home/mjgawkowski/Finite-Temperature-MLIP-Benchmark/paper_v2_configs/data/mlip-trajs-torchsim-accelerated/Pt111w24H2O_380K_Heenen_VASP/md_timing_orb-v3-force-only.csv
orb-v3-force-only,ORB-v3 conservative,Accelerated,TiSe2_400K_Ivor_VASP,400.0,14716,398.66,0.02709,27.09,torch-sim-0.6.1+compile+force-only,/home/mjgawkowski/Finite-Temperature-MLIP-Benchmark/paper_v2_configs/data/mlip-trajs-torchsim-accelerated/TiSe2_400K_Ivor_VASP/md_timing_orb-v3-force-only.csv
orb-v3-force-only,ORB-v3 conservative,Accelerated,anthracene_293K_Sharma_S,293.0,16000,498.6,0.031163,31.163,torch-sim-0.6.1+compile+force-only,/home/mjgawkowski/Finite-Temperature-MLIP-Benchmark/paper_v2_configs/data/mlip-trajs-torchsim-accelerated/anthracene_293K_Sharma_S/md_timing_orb-v3-force-only.csv
orb-v3-force-only,ORB-v3 conservative,Accelerated,bulkAg_600K_Kapil,600.0,24881,894.64,0.035957,35.957,torch-sim-0.6.1+compile+force-only,/home/mjgawkowski/Finite-Temperature-MLIP-Benchmark/paper_v2_configs/data/mlip-trajs-torchsim-accelerated/bulkAg_600K_Kapil/md_timing_orb-v3-force-only.csv
orb-v3-force-only,ORB-v3 conservative,Accelerated,bulkAu_1500K_Kapil,1500.0,20162,944.35,0.046838,46.838,torch-sim-0.6.1+compile+force-only,/home/mjgawkowski/Finite-Temperature-MLIP-Benchmark/paper_v2_configs/data/mlip-trajs-torchsim-accelerated/bulkAu_1500K_Kapil/md_timing_orb-v3-force-only.csv
orb-v3-force-only,ORB-v3 conservative,Accelerated,bulkCuAu_500K-Artrith_VASP,500.0,1105,45.78,0.041432,41.431999999999995,torch-sim-0.6.1+compile+force-only,/home/mjgawkowski/Finite-Temperature-MLIP-Benchmark/paper_v2_configs/data/mlip-trajs-torchsim-accelerated/bulkCuAu_500K-Artrith_VASP/md_timing_orb-v3-force-only.csv
orb-v3-force-only,ORB-v3 conservative,Accelerated,bulkCuZrAl_1500K_A.Wadowski-J.Schmidt_VASP,1500.0,2718,120.42,0.044306,44.306,torch-sim-0.6.1+compile+force-only,/home/mjgawkowski/Finite-Temperature-MLIP-Benchmark/paper_v2_configs/data/mlip-trajs-torchsim-accelerated/bulkCuZrAl_1500K_A.Wadowski-J.Schmidt_VASP/md_timing_orb-v3-force-only.csv
orb-v3-force-only,ORB-v3 conservative,Accelerated,bulkCu_1000K_Kapil,1000.0,36007,1475.98,0.040991,40.991,torch-sim-0.6.1+compile+force-only,/home/mjgawkowski/Finite-Temperature-MLIP-Benchmark/paper_v2_configs/data/mlip-trajs-torchsim-accelerated/bulkCu_1000K_Kapil/md_timing_orb-v3-force-only.csv
orb-v3-force-only,ORB-v3 conservative,Accelerated,bulkLiMgAlZnSn_600K_J_Schmidt_VASP,600.0,3015,265.65,0.088109,88.10900000000001,torch-sim-0.6.1+compile+force-only,/home/mjgawkowski/Finite-Temperature-MLIP-Benchmark/paper_v2_configs/data/mlip-trajs-torchsim-accelerated/bulkLiMgAlZnSn_600K_J_Schmidt_VASP/md_timing_orb-v3-force-only.csv
orb-v3-force-only,ORB-v3 conservative,Accelerated,bulkLiMgAlZnSn_900K_J_Schmidt_VASP,900.0,2181,191.97,0.088019,88.019,torch-sim-0.6.1+compile+force-only,/home/mjgawkowski/Finite-Temperature-MLIP-Benchmark/paper_v2_configs/data/mlip-trajs-torchsim-accelerated/bulkLiMgAlZnSn_900K_J_Schmidt_VASP/md_timing_orb-v3-force-only.csv
orb-v3-force-only,ORB-v3 conservative,Accelerated,bulkMoS2_300K_NO-VdW_J.Kioseoglou_VASP,300.0,20000,617.17,0.030859,30.859,torch-sim-0.6.1+compile+force-only,/home/mjgawkowski/Finite-Temperature-MLIP-Benchmark/paper_v2_configs/data/mlip-trajs-torchsim-accelerated/bulkMoS2_300K_NO-VdW_J.Kioseoglou_VASP/md_timing_orb-v3-force-only.csv
orb-v3-force-only,ORB-v3 conservative,Accelerated,bulkPt3Co_300K_J.Kioseoglou_VASP,300.0,20927,764.85,0.036549,36.549,torch-sim-0.6.1+compile+force-only,/home/mjgawkowski/Finite-Temperature-MLIP-Benchmark/paper_v2_configs/data/mlip-trajs-torchsim-accelerated/bulkPt3Co_300K_J.Kioseoglou_VASP/md_timing_orb-v3-force-only.csv
orb-v3-force-only,ORB-v3 conservative,Accelerated,naphthalene_295K_Sharma_S,295.0,7557,427.37,0.056552,56.552,torch-sim-0.6.1+compile+force-only,/home/mjgawkowski/Finite-Temperature-MLIP-Benchmark/paper_v2_configs/data/mlip-trajs-torchsim-accelerated/naphthalene_295K_Sharma_S/md_timing_orb-v3-force-only.csv
orb-v3-force-only,ORB-v3 conservative,Accelerated,pentacene_295K_Sharma_S,295.0,15579,579.46,0.037195,37.195,torch-sim-0.6.1+compile+force-only,/home/mjgawkowski/Finite-Temperature-MLIP-Benchmark/paper_v2_configs/data/mlip-trajs-torchsim-accelerated/pentacene_295K_Sharma_S/md_timing_orb-v3-force-only.csv
orb-v3-force-only,ORB-v3 conservative,Accelerated,picene_295K_Sharma_S,295.0,14151,519.58,0.036717,36.717,torch-sim-0.6.1+compile+force-only,/home/mjgawkowski/Finite-Temperature-MLIP-Benchmark/paper_v2_configs/data/mlip-trajs-torchsim-accelerated/picene_295K_Sharma_S/md_timing_orb-v3-force-only.csv
orb-v3-force-only,ORB-v3 conservative,Accelerated,tetracene_295K_Sharma_S,295.0,16000,566.96,0.035435,35.435,torch-sim-0.6.1+compile+force-only,/home/mjgawkowski/Finite-Temperature-MLIP-Benchmark/paper_v2_configs/data/mlip-trajs-torchsim-accelerated/tetracene_295K_Sharma_S/md_timing_orb-v3-force-only.csv
orb-v3-force-only-eager,ORB-v3 conservative,Standard,CsSnI3_500K_Ivor_VASP,500.0,14758,382.86,0.025942,25.942,torch-sim-0.6.1+orb-models-0.6.2-force-only-eager,/home/mjgawkowski/Finite-Temperature-MLIP-Benchmark/paper_v2_configs/data/mlip-trajs-torchsim-eager/CsSnI3_500K_Ivor_VASP/md_timing_orb-v3-force-only-eager.csv
orb-v3-force-only-eager,ORB-v3 conservative,Standard,H_1050K_Rupp_QE,1050.0,1784,405.15,0.227102,227.102,torch-sim-0.6.1+orb-models-0.6.2-force-only-eager,/home/mjgawkowski/Finite-Temperature-MLIP-Benchmark/paper_v2_configs/data/mlip-trajs-torchsim-eager/H_1050K_Rupp_QE/md_timing_orb-v3-force-only-eager.csv
orb-v3-force-only-eager,ORB-v3 conservative,Standard,MAPbBr3_300K_Ivor_VASP,300.0,60000,1995.26,0.033254,33.254,torch-sim-0.6.1+orb-models-0.6.2-force-only-eager,/home/mjgawkowski/Finite-Temperature-MLIP-Benchmark/paper_v2_configs/data/mlip-trajs-torchsim-eager/MAPbBr3_300K_Ivor_VASP/md_timing_orb-v3-force-only-eager.csv
orb-v3-force-only-eager,ORB-v3 conservative,Standard,Pt111w24H2O_380K_Heenen_VASP,380.0,3843,153.53,0.039949,39.949,torch-sim-0.6.1+orb-models-0.6.2-force-only-eager,/home/mjgawkowski/Finite-Temperature-MLIP-Benchmark/paper_v2_configs/data/mlip-trajs-torchsim-eager/Pt111w24H2O_380K_Heenen_VASP/md_timing_orb-v3-force-only-eager.csv
orb-v3-force-only-eager,ORB-v3 conservative,Standard,TiSe2_400K_Ivor_VASP,400.0,14716,419.01,0.028473,28.473,torch-sim-0.6.1+orb-models-0.6.2-force-only-eager,/home/mjgawkowski/Finite-Temperature-MLIP-Benchmark/paper_v2_configs/data/mlip-trajs-torchsim-eager/TiSe2_400K_Ivor_VASP/md_timing_orb-v3-force-only-eager.csv
orb-v3-force-only-eager,ORB-v3 conservative,Standard,anthracene_293K_Sharma_S,293.0,16000,520.6,0.032537,32.537000000000006,torch-sim-0.6.1+orb-models-0.6.2-force-only-eager,/home/mjgawkowski/Finite-Temperature-MLIP-Benchmark/paper_v2_configs/data/mlip-trajs-torchsim-eager/anthracene_293K_Sharma_S/md_timing_orb-v3-force-only-eager.csv
orb-v3-force-only-eager,ORB-v3 conservative,Standard,bulkAg_600K_Kapil,600.0,24881,947.57,0.038084,38.084,torch-sim-0.6.1+orb-models-0.6.2-force-only-eager,/home/mjgawkowski/Finite-Temperature-MLIP-Benchmark/paper_v2_configs/data/mlip-trajs-torchsim-eager/bulkAg_600K_Kapil/md_timing_orb-v3-force-only-eager.csv
orb-v3-force-only-eager,ORB-v3 conservative,Standard,bulkAu_1500K_Kapil,1500.0,20162,1029.62,0.051067,51.067,torch-sim-0.6.1+orb-models-0.6.2-force-only-eager,/home/mjgawkowski/Finite-Temperature-MLIP-Benchmark/paper_v2_configs/data/mlip-trajs-torchsim-eager/bulkAu_1500K_Kapil/md_timing_orb-v3-force-only-eager.csv
orb-v3-force-only-eager,ORB-v3 conservative,Standard,bulkCuAu_500K-Artrith_VASP,500.0,1105,48.2,0.043617,43.617000000000004,torch-sim-0.6.1+orb-models-0.6.2-force-only-eager,/home/mjgawkowski/Finite-Temperature-MLIP-Benchmark/paper_v2_configs/data/mlip-trajs-torchsim-eager/bulkCuAu_500K-Artrith_VASP/md_timing_orb-v3-force-only-eager.csv
orb-v3-force-only-eager,ORB-v3 conservative,Standard,bulkCuZrAl_1500K_A.Wadowski-J.Schmidt_VASP,1500.0,2718,131.12,0.048242,48.242,torch-sim-0.6.1+orb-models-0.6.2-force-only-eager,/home/mjgawkowski/Finite-Temperature-MLIP-Benchmark/paper_v2_configs/data/mlip-trajs-torchsim-eager/bulkCuZrAl_1500K_A.Wadowski-J.Schmidt_VASP/md_timing_orb-v3-force-only-eager.csv
orb-v3-force-only-eager,ORB-v3 conservative,Standard,bulkCu_1000K_Kapil,1000.0,36007,1611.13,0.044745,44.745,torch-sim-0.6.1+orb-models-0.6.2-force-only-eager,/home/mjgawkowski/Finite-Temperature-MLIP-Benchmark/paper_v2_configs/data/mlip-trajs-torchsim-eager/bulkCu_1000K_Kapil/md_timing_orb-v3-force-only-eager.csv
orb-v3-force-only-eager,ORB-v3 conservative,Standard,bulkLiMgAlZnSn_600K_J_Schmidt_VASP,600.0,3015,288.38,0.095648,95.648,torch-sim-0.6.1+orb-models-0.6.2-force-only-eager,/home/mjgawkowski/Finite-Temperature-MLIP-Benchmark/paper_v2_configs/data/mlip-trajs-torchsim-eager/bulkLiMgAlZnSn_600K_J_Schmidt_VASP/md_timing_orb-v3-force-only-eager.csv
orb-v3-force-only-eager,ORB-v3 conservative,Standard,bulkLiMgAlZnSn_900K_J_Schmidt_VASP,900.0,2181,207.76,0.095257,95.25699999999999,torch-sim-0.6.1+orb-models-0.6.2-force-only-eager,/home/mjgawkowski/Finite-Temperature-MLIP-Benchmark/paper_v2_configs/data/mlip-trajs-torchsim-eager/bulkLiMgAlZnSn_900K_J_Schmidt_VASP/md_timing_orb-v3-force-only-eager.csv
orb-v3-force-only-eager,ORB-v3 conservative,Standard,bulkMoS2_300K_NO-VdW_J.Kioseoglou_VASP,300.0,20000,663.85,0.033193,33.193,torch-sim-0.6.1+orb-models-0.6.2-force-only-eager,/home/mjgawkowski/Finite-Temperature-MLIP-Benchmark/paper_v2_configs/data/mlip-trajs-torchsim-eager/bulkMoS2_300K_NO-VdW_J.Kioseoglou_VASP/md_timing_orb-v3-force-only-eager.csv
orb-v3-force-only-eager,ORB-v3 conservative,Standard,bulkPt3Co_300K_J.Kioseoglou_VASP,300.0,20927,829.59,0.039642,39.641999999999996,torch-sim-0.6.1+orb-models-0.6.2-force-only-eager,/home/mjgawkowski/Finite-Temperature-MLIP-Benchmark/paper_v2_configs/data/mlip-trajs-torchsim-eager/bulkPt3Co_300K_J.Kioseoglou_VASP/md_timing_orb-v3-force-only-eager.csv
orb-v3-force-only-eager,ORB-v3 conservative,Standard,naphthalene_295K_Sharma_S,295.0,7557,469.66,0.062149,62.149,torch-sim-0.6.1+orb-models-0.6.2-force-only-eager,/home/mjgawkowski/Finite-Temperature-MLIP-Benchmark/paper_v2_configs/data/mlip-trajs-torchsim-eager/naphthalene_295K_Sharma_S/md_timing_orb-v3-force-only-eager.csv
orb-v3-force-only-eager,ORB-v3 conservative,Standard,pentacene_295K_Sharma_S,295.0,15579,635.49,0.040792,40.792,torch-sim-0.6.1+orb-models-0.6.2-force-only-eager,/home/mjgawkowski/Finite-Temperature-MLIP-Benchmark/paper_v2_configs/data/mlip-trajs-torchsim-eager/pentacene_295K_Sharma_S/md_timing_orb-v3-force-only-eager.csv
orb-v3-force-only-eager,ORB-v3 conservative,Standard,picene_295K_Sharma_S,295.0,14151,574.3,0.040584,40.584,torch-sim-0.6.1+orb-models-0.6.2-force-only-eager,/home/mjgawkowski/Finite-Temperature-MLIP-Benchmark/paper_v2_configs/data/mlip-trajs-torchsim-eager/picene_295K_Sharma_S/md_timing_orb-v3-force-only-eager.csv
orb-v3-force-only-eager,ORB-v3 conservative,Standard,tetracene_295K_Sharma_S,295.0,16000,609.0,0.038062,38.062,torch-sim-0.6.1+orb-models-0.6.2-force-only-eager,/home/mjgawkowski/Finite-Temperature-MLIP-Benchmark/paper_v2_configs/data/mlip-trajs-torchsim-eager/tetracene_295K_Sharma_S/md_timing_orb-v3-force-only-eager.csv
pet-oam-xl-force-only-eager,PET-OAM-XL,Standard,CsSnI3_500K_Ivor_VASP,500.0,14758,3062.15,0.207491,207.491,torch-sim-0.6.1+pet-eager-force-only,/home/mjgawkowski/Finite-Temperature-MLIP-Benchmark/paper_v2_configs/data/mlip-trajs-torchsim-eager/CsSnI3_500K_Ivor_VASP/md_timing_pet-oam-xl-force-only-eager.csv
pet-oam-xl-force-only-eager,PET-OAM-XL,Standard,H_1050K_Rupp_QE,1050.0,1784,1819.38,1.019829,1019.8290000000001,torch-sim-0.6.1+pet-eager-force-only,/home/mjgawkowski/Finite-Temperature-MLIP-Benchmark/paper_v2_configs/data/mlip-trajs-torchsim-eager/H_1050K_Rupp_QE/md_timing_pet-oam-xl-force-only-eager.csv
pet-oam-xl-force-only-eager,PET-OAM-XL,Standard,anthracene_293K_Sharma_S,293.0,16000,1695.97,0.105998,105.99799999999999,torch-sim-0.6.1+pet-eager-force-only,/home/mjgawkowski/Finite-Temperature-MLIP-Benchmark/paper_v2_configs/data/mlip-trajs-torchsim-eager/anthracene_293K_Sharma_S/md_timing_pet-oam-xl-force-only-eager.csv
pet-oam-xl-force-only-eager,PET-OAM-XL,Standard,bulkAg_600K_Kapil,600.0,24881,4531.39,0.182122,182.122,torch-sim-0.6.1+pet-eager-force-only,/home/mjgawkowski/Finite-Temperature-MLIP-Benchmark/paper_v2_configs/data/mlip-trajs-torchsim-eager/bulkAg_600K_Kapil/md_timing_pet-oam-xl-force-only-eager.csv
pet-oam-xl-force-only-eager,PET-OAM-XL,Standard,bulkAu_1500K_Kapil,1500.0,20162,6118.71,0.303477,303.477,torch-sim-0.6.1+pet-eager-force-only,/home/mjgawkowski/Finite-Temperature-MLIP-Benchmark/paper_v2_configs/data/mlip-trajs-torchsim-eager/bulkAu_1500K_Kapil/md_timing_pet-oam-xl-force-only-eager.csv
pet-oam-xl-force-only-eager,PET-OAM-XL,Standard,bulkCuAu_500K-Artrith_VASP,500.0,1105,234.57,0.212279,212.279,torch-sim-0.6.1+pet-eager-force-only,/home/mjgawkowski/Finite-Temperature-MLIP-Benchmark/paper_v2_configs/data/mlip-trajs-torchsim-eager/bulkCuAu_500K-Artrith_VASP/md_timing_pet-oam-xl-force-only-eager.csv
pet-oam-xl-force-only-eager,PET-OAM-XL,Standard,bulkCuZrAl_1500K_A.Wadowski-J.Schmidt_VASP,1500.0,2718,694.43,0.255493,255.49300000000002,torch-sim-0.6.1+pet-eager-force-only,/home/mjgawkowski/Finite-Temperature-MLIP-Benchmark/paper_v2_configs/data/mlip-trajs-torchsim-eager/bulkCuZrAl_1500K_A.Wadowski-J.Schmidt_VASP/md_timing_pet-oam-xl-force-only-eager.csv
pet-oam-xl-force-only-eager,PET-OAM-XL,Standard,bulkCu_1000K_Kapil,1000.0,36007,6834.33,0.189806,189.806,torch-sim-0.6.1+pet-eager-force-only,/home/mjgawkowski/Finite-Temperature-MLIP-Benchmark/paper_v2_configs/data/mlip-trajs-torchsim-eager/bulkCu_1000K_Kapil/md_timing_pet-oam-xl-force-only-eager.csv
pet-oam-xl-force-only-eager,PET-OAM-XL,Standard,bulkLiMgAlZnSn_600K_J_Schmidt_VASP,600.0,3015,2251.57,0.74679,746.79,torch-sim-0.6.1+pet-eager-force-only,/home/mjgawkowski/Finite-Temperature-MLIP-Benchmark/paper_v2_configs/data/mlip-trajs-torchsim-eager/bulkLiMgAlZnSn_600K_J_Schmidt_VASP/md_timing_pet-oam-xl-force-only-eager.csv
pet-oam-xl-force-only-eager,PET-OAM-XL,Standard,bulkLiMgAlZnSn_900K_J_Schmidt_VASP,900.0,2181,1625.8,0.745438,745.4380000000001,torch-sim-0.6.1+pet-eager-force-only,/home/mjgawkowski/Finite-Temperature-MLIP-Benchmark/paper_v2_configs/data/mlip-trajs-torchsim-eager/bulkLiMgAlZnSn_900K_J_Schmidt_VASP/md_timing_pet-oam-xl-force-only-eager.csv
pet-oam-xl-force-only-eager,PET-OAM-XL,Standard,bulkMoS2_300K_NO-VdW_J.Kioseoglou_VASP,300.0,20000,3606.68,0.180334,180.334,torch-sim-0.6.1+pet-eager-force-only,/home/mjgawkowski/Finite-Temperature-MLIP-Benchmark/paper_v2_configs/data/mlip-trajs-torchsim-eager/bulkMoS2_300K_NO-VdW_J.Kioseoglou_VASP/md_timing_pet-oam-xl-force-only-eager.csv
pet-oam-xl-force-only-eager,PET-OAM-XL,Standard,bulkPt3Co_300K_J.Kioseoglou_VASP,300.0,20927,3789.93,0.181102,181.102,torch-sim-0.6.1+pet-eager-force-only,/home/mjgawkowski/Finite-Temperature-MLIP-Benchmark/paper_v2_configs/data/mlip-trajs-torchsim-eager/bulkPt3Co_300K_J.Kioseoglou_VASP/md_timing_pet-oam-xl-force-only-eager.csv
pet-oam-xl-force-only-torchscript,PET-OAM-XL,Accelerated,CsSnI3_500K_Ivor_VASP,500.0,14758,2935.34,0.198898,198.898,torch-sim-0.6.1+pet-torchscript-force-only,/home/mjgawkowski/Finite-Temperature-MLIP-Benchmark/paper_v2_configs/data/mlip-trajs-torchsim-accelerated/CsSnI3_500K_Ivor_VASP/md_timing_pet-oam-xl-force-only-torchscript.csv
pet-oam-xl-force-only-torchscript,PET-OAM-XL,Accelerated,H_1050K_Rupp_QE,1050.0,1784,1724.23,0.966496,966.496,torch-sim-0.6.1+pet-torchscript-force-only,/home/mjgawkowski/Finite-Temperature-MLIP-Benchmark/paper_v2_configs/data/mlip-trajs-torchsim-accelerated/H_1050K_Rupp_QE/md_timing_pet-oam-xl-force-only-torchscript.csv
pet-oam-xl-force-only-torchscript,PET-OAM-XL,Accelerated,MAPbBr3_300K_Ivor_VASP,300.0,60000,10156.96,0.169283,169.283,torch-sim-0.6.1+pet-torchscript-force-only,/home/mjgawkowski/Finite-Temperature-MLIP-Benchmark/paper_v2_configs/data/mlip-trajs-torchsim-accelerated/MAPbBr3_300K_Ivor_VASP/md_timing_pet-oam-xl-force-only-torchscript.csv
pet-oam-xl-force-only-torchscript,PET-OAM-XL,Accelerated,Pt111w24H2O_380K_Heenen_VASP,380.0,3843,762.32,0.198366,198.36599999999999,torch-sim-0.6.1+pet-torchscript-force-only,/home/mjgawkowski/Finite-Temperature-MLIP-Benchmark/paper_v2_configs/data/mlip-trajs-torchsim-accelerated/Pt111w24H2O_380K_Heenen_VASP/md_timing_pet-oam-xl-force-only-torchscript.csv
pet-oam-xl-force-only-torchscript,PET-OAM-XL,Accelerated,TiSe2_400K_Ivor_VASP,400.0,14716,2298.25,0.156174,156.174,torch-sim-0.6.1+pet-torchscript-force-only,/home/mjgawkowski/Finite-Temperature-MLIP-Benchmark/paper_v2_configs/data/mlip-trajs-torchsim-accelerated/TiSe2_400K_Ivor_VASP/md_timing_pet-oam-xl-force-only-torchscript.csv
pet-oam-xl-force-only-torchscript,PET-OAM-XL,Accelerated,anthracene_293K_Sharma_S,293.0,16000,1644.34,0.102771,102.771,torch-sim-0.6.1+pet-torchscript-force-only,/home/mjgawkowski/Finite-Temperature-MLIP-Benchmark/paper_v2_configs/data/mlip-trajs-torchsim-accelerated/anthracene_293K_Sharma_S/md_timing_pet-oam-xl-force-only-torchscript.csv
pet-oam-xl-force-only-torchscript,PET-OAM-XL,Accelerated,bulkAg_600K_Kapil,600.0,24881,4370.81,0.175668,175.66799999999998,torch-sim-0.6.1+pet-torchscript-force-only,/home/mjgawkowski/Finite-Temperature-MLIP-Benchmark/paper_v2_configs/data/mlip-trajs-torchsim-accelerated/bulkAg_600K_Kapil/md_timing_pet-oam-xl-force-only-torchscript.csv
pet-oam-xl-force-only-torchscript,PET-OAM-XL,Accelerated,bulkAu_1500K_Kapil,1500.0,20162,5889.54,0.292111,292.111,torch-sim-0.6.1+pet-torchscript-force-only,/home/mjgawkowski/Finite-Temperature-MLIP-Benchmark/paper_v2_configs/data/mlip-trajs-torchsim-accelerated/bulkAu_1500K_Kapil/md_timing_pet-oam-xl-force-only-torchscript.csv
pet-oam-xl-force-only-torchscript,PET-OAM-XL,Accelerated,bulkCuAu_500K-Artrith_VASP,500.0,1105,224.74,0.203382,203.382,torch-sim-0.6.1+pet-torchscript-force-only,/home/mjgawkowski/Finite-Temperature-MLIP-Benchmark/paper_v2_configs/data/mlip-trajs-torchsim-accelerated/bulkCuAu_500K-Artrith_VASP/md_timing_pet-oam-xl-force-only-torchscript.csv
pet-oam-xl-force-only-torchscript,PET-OAM-XL,Accelerated,bulkCuZrAl_1500K_A.Wadowski-J.Schmidt_VASP,1500.0,2718,666.44,0.245197,245.197,torch-sim-0.6.1+pet-torchscript-force-only,/home/mjgawkowski/Finite-Temperature-MLIP-Benchmark/paper_v2_configs/data/mlip-trajs-torchsim-accelerated/bulkCuZrAl_1500K_A.Wadowski-J.Schmidt_VASP/md_timing_pet-oam-xl-force-only-torchscript.csv
pet-oam-xl-force-only-torchscript,PET-OAM-XL,Accelerated,bulkCu_1000K_Kapil,1000.0,36007,6561.26,0.182222,182.222,torch-sim-0.6.1+pet-torchscript-force-only,/home/mjgawkowski/Finite-Temperature-MLIP-Benchmark/paper_v2_configs/data/mlip-trajs-torchsim-accelerated/bulkCu_1000K_Kapil/md_timing_pet-oam-xl-force-only-torchscript.csv
pet-oam-xl-force-only-torchscript,PET-OAM-XL,Accelerated,bulkLiMgAlZnSn_600K_J_Schmidt_VASP,600.0,3015,2151.17,0.713489,713.489,torch-sim-0.6.1+pet-torchscript-force-only,/home/mjgawkowski/Finite-Temperature-MLIP-Benchmark/paper_v2_configs/data/mlip-trajs-torchsim-accelerated/bulkLiMgAlZnSn_600K_J_Schmidt_VASP/md_timing_pet-oam-xl-force-only-torchscript.csv
pet-oam-xl-force-only-torchscript,PET-OAM-XL,Accelerated,bulkLiMgAlZnSn_900K_J_Schmidt_VASP,900.0,2181,1550.46,0.710896,710.896,torch-sim-0.6.1+pet-torchscript-force-only,/home/mjgawkowski/Finite-Temperature-MLIP-Benchmark/paper_v2_configs/data/mlip-trajs-torchsim-accelerated/bulkLiMgAlZnSn_900K_J_Schmidt_VASP/md_timing_pet-oam-xl-force-only-torchscript.csv
pet-oam-xl-force-only-torchscript,PET-OAM-XL,Accelerated,bulkMoS2_300K_NO-VdW_J.Kioseoglou_VASP,300.0,20000,3478.33,0.173917,173.917,torch-sim-0.6.1+pet-torchscript-force-only,/home/mjgawkowski/Finite-Temperature-MLIP-Benchmark/paper_v2_configs/data/mlip-trajs-torchsim-accelerated/bulkMoS2_300K_NO-VdW_J.Kioseoglou_VASP/md_timing_pet-oam-xl-force-only-torchscript.csv
pet-oam-xl-force-only-torchscript,PET-OAM-XL,Accelerated,bulkPt3Co_300K_J.Kioseoglou_VASP,300.0,20927,3639.09,0.173894,173.894,torch-sim-0.6.1+pet-torchscript-force-only,/home/mjgawkowski/Finite-Temperature-MLIP-Benchmark/paper_v2_configs/data/mlip-trajs-torchsim-accelerated/bulkPt3Co_300K_J.Kioseoglou_VASP/md_timing_pet-oam-xl-force-only-torchscript.csv
pet-oam-xl-force-only-torchscript,PET-OAM-XL,Accelerated,naphthalene_295K_Sharma_S,295.0,7557,1905.16,0.252105,252.10500000000002,torch-sim-0.6.1+pet-torchscript-force-only,/home/mjgawkowski/Finite-Temperature-MLIP-Benchmark/paper_v2_configs/data/mlip-trajs-torchsim-accelerated/naphthalene_295K_Sharma_S/md_timing_pet-oam-xl-force-only-torchscript.csv
pet-oam-xl-force-only-torchscript,PET-OAM-XL,Accelerated,pentacene_295K_Sharma_S,295.0,15579,2200.68,0.141259,141.259,torch-sim-0.6.1+pet-torchscript-force-only,/home/mjgawkowski/Finite-Temperature-MLIP-Benchmark/paper_v2_configs/data/mlip-trajs-torchsim-accelerated/pentacene_295K_Sharma_S/md_timing_pet-oam-xl-force-only-torchscript.csv
pet-oam-xl-force-only-torchscript,PET-OAM-XL,Accelerated,picene_295K_Sharma_S,295.0,14151,2010.99,0.142109,142.109,torch-sim-0.6.1+pet-torchscript-force-only,/home/mjgawkowski/Finite-Temperature-MLIP-Benchmark/paper_v2_configs/data/mlip-trajs-torchsim-accelerated/picene_295K_Sharma_S/md_timing_pet-oam-xl-force-only-torchscript.csv
pet-oam-xl-force-only-torchscript,PET-OAM-XL,Accelerated,tetracene_295K_Sharma_S,295.0,16000,1914.61,0.119663,119.66300000000001,torch-sim-0.6.1+pet-torchscript-force-only,/home/mjgawkowski/Finite-Temperature-MLIP-Benchmark/paper_v2_configs/data/mlip-trajs-torchsim-accelerated/tetracene_295K_Sharma_S/md_timing_pet-oam-xl-force-only-torchscript.csv
pet-omat-xl-force-only-torchscript,PET-OMAT-XL,Accelerated,CsSnI3_500K_Ivor_VASP,500.0,14758,2961.73,0.200686,200.686,torch-sim-0.6.1+pet-torchscript-force-only,/home/mjgawkowski/Finite-Temperature-MLIP-Benchmark/paper_v2_configs/data/mlip-trajs-torchsim-accelerated/CsSnI3_500K_Ivor_VASP/md_timing_pet-omat-xl-force-only-torchscript.csv
pet-omat-xl-force-only-torchscript,PET-OMAT-XL,Accelerated,H_1050K_Rupp_QE,1050.0,1784,1727.42,0.968284,968.284,torch-sim-0.6.1+pet-torchscript-force-only,/home/mjgawkowski/Finite-Temperature-MLIP-Benchmark/paper_v2_configs/data/mlip-trajs-torchsim-accelerated/H_1050K_Rupp_QE/md_timing_pet-omat-xl-force-only-torchscript.csv
pet-omat-xl-force-only-torchscript,PET-OMAT-XL,Accelerated,MAPbBr3_300K_Ivor_VASP,300.0,60000,10233.73,0.170562,170.56199999999998,torch-sim-0.6.1+pet-torchscript-force-only,/home/mjgawkowski/Finite-Temperature-MLIP-Benchmark/paper_v2_configs/data/mlip-trajs-torchsim-accelerated/MAPbBr3_300K_Ivor_VASP/md_timing_pet-omat-xl-force-only-torchscript.csv
pet-omat-xl-force-only-torchscript,PET-OMAT-XL,Accelerated,Pt111w24H2O_380K_Heenen_VASP,380.0,3843,760.97,0.198016,198.016,torch-sim-0.6.1+pet-torchscript-force-only,/home/mjgawkowski/Finite-Temperature-MLIP-Benchmark/paper_v2_configs/data/mlip-trajs-torchsim-accelerated/Pt111w24H2O_380K_Heenen_VASP/md_timing_pet-omat-xl-force-only-torchscript.csv
pet-omat-xl-force-only-torchscript,PET-OMAT-XL,Accelerated,TiSe2_400K_Ivor_VASP,400.0,14716,2292.52,0.155784,155.784,torch-sim-0.6.1+pet-torchscript-force-only,/home/mjgawkowski/Finite-Temperature-MLIP-Benchmark/paper_v2_configs/data/mlip-trajs-torchsim-accelerated/TiSe2_400K_Ivor_VASP/md_timing_pet-omat-xl-force-only-torchscript.csv
pet-omat-xl-force-only-torchscript,PET-OMAT-XL,Accelerated,anthracene_293K_Sharma_S,293.0,16000,1680.55,0.105034,105.034,torch-sim-0.6.1+pet-torchscript-force-only,/home/mjgawkowski/Finite-Temperature-MLIP-Benchmark/paper_v2_configs/data/mlip-trajs-torchsim-accelerated/anthracene_293K_Sharma_S/md_timing_pet-omat-xl-force-only-torchscript.csv
pet-omat-xl-force-only-torchscript,PET-OMAT-XL,Accelerated,bulkAg_600K_Kapil,600.0,24881,4403.78,0.176994,176.994,torch-sim-0.6.1+pet-torchscript-force-only,/home/mjgawkowski/Finite-Temperature-MLIP-Benchmark/paper_v2_configs/data/mlip-trajs-torchsim-accelerated/bulkAg_600K_Kapil/md_timing_pet-omat-xl-force-only-torchscript.csv
pet-omat-xl-force-only-torchscript,PET-OMAT-XL,Accelerated,bulkAu_1500K_Kapil,1500.0,20162,5918.14,0.293529,293.529,torch-sim-0.6.1+pet-torchscript-force-only,/home/mjgawkowski/Finite-Temperature-MLIP-Benchmark/paper_v2_configs/data/mlip-trajs-torchsim-accelerated/bulkAu_1500K_Kapil/md_timing_pet-omat-xl-force-only-torchscript.csv
pet-omat-xl-force-only-torchscript,PET-OMAT-XL,Accelerated,bulkCuAu_500K-Artrith_VASP,500.0,1105,226.45,0.204932,204.93200000000002,torch-sim-0.6.1+pet-torchscript-force-only,/home/mjgawkowski/Finite-Temperature-MLIP-Benchmark/paper_v2_configs/data/mlip-trajs-torchsim-accelerated/bulkCuAu_500K-Artrith_VASP/md_timing_pet-omat-xl-force-only-torchscript.csv
pet-omat-xl-force-only-torchscript,PET-OMAT-XL,Accelerated,bulkCuZrAl_1500K_A.Wadowski-J.Schmidt_VASP,1500.0,2718,670.79,0.246794,246.794,torch-sim-0.6.1+pet-torchscript-force-only,/home/mjgawkowski/Finite-Temperature-MLIP-Benchmark/paper_v2_configs/data/mlip-trajs-torchsim-accelerated/bulkCuZrAl_1500K_A.Wadowski-J.Schmidt_VASP/md_timing_pet-omat-xl-force-only-torchscript.csv
pet-omat-xl-force-only-torchscript,PET-OMAT-XL,Accelerated,bulkCu_1000K_Kapil,1000.0,36007,6618.04,0.183799,183.79899999999998,torch-sim-0.6.1+pet-torchscript-force-only,/home/mjgawkowski/Finite-Temperature-MLIP-Benchmark/paper_v2_configs/data/mlip-trajs-torchsim-accelerated/bulkCu_1000K_Kapil/md_timing_pet-omat-xl-force-only-torchscript.csv
pet-omat-xl-force-only-torchscript,PET-OMAT-XL,Accelerated,bulkLiMgAlZnSn_600K_J_Schmidt_VASP,600.0,3015,2156.31,0.715195,715.195,torch-sim-0.6.1+pet-torchscript-force-only,/home/mjgawkowski/Finite-Temperature-MLIP-Benchmark/paper_v2_configs/data/mlip-trajs-torchsim-accelerated/bulkLiMgAlZnSn_600K_J_Schmidt_VASP/md_timing_pet-omat-xl-force-only-torchscript.csv
pet-omat-xl-force-only-torchscript,PET-OMAT-XL,Accelerated,bulkLiMgAlZnSn_900K_J_Schmidt_VASP,900.0,2181,1553.92,0.712479,712.4789999999999,torch-sim-0.6.1+pet-torchscript-force-only,/home/mjgawkowski/Finite-Temperature-MLIP-Benchmark/paper_v2_configs/data/mlip-trajs-torchsim-accelerated/bulkLiMgAlZnSn_900K_J_Schmidt_VASP/md_timing_pet-omat-xl-force-only-torchscript.csv
pet-omat-xl-force-only-torchscript,PET-OMAT-XL,Accelerated,bulkMoS2_300K_NO-VdW_J.Kioseoglou_VASP,300.0,20000,3502.04,0.175102,175.102,torch-sim-0.6.1+pet-torchscript-force-only,/home/mjgawkowski/Finite-Temperature-MLIP-Benchmark/paper_v2_configs/data/mlip-trajs-torchsim-accelerated/bulkMoS2_300K_NO-VdW_J.Kioseoglou_VASP/md_timing_pet-omat-xl-force-only-torchscript.csv
pet-omat-xl-force-only-torchscript,PET-OMAT-XL,Accelerated,bulkPt3Co_300K_J.Kioseoglou_VASP,300.0,20927,3672.18,0.175476,175.476,torch-sim-0.6.1+pet-torchscript-force-only,/home/mjgawkowski/Finite-Temperature-MLIP-Benchmark/paper_v2_configs/data/mlip-trajs-torchsim-accelerated/bulkPt3Co_300K_J.Kioseoglou_VASP/md_timing_pet-omat-xl-force-only-torchscript.csv
pet-omat-xl-force-only-torchscript,PET-OMAT-XL,Accelerated,naphthalene_295K_Sharma_S,295.0,7557,1914.48,0.253339,253.33899999999997,torch-sim-0.6.1+pet-torchscript-force-only,/home/mjgawkowski/Finite-Temperature-MLIP-Benchmark/paper_v2_configs/data/mlip-trajs-torchsim-accelerated/naphthalene_295K_Sharma_S/md_timing_pet-omat-xl-force-only-torchscript.csv
pet-omat-xl-force-only-torchscript,PET-OMAT-XL,Accelerated,pentacene_295K_Sharma_S,295.0,15579,2223.91,0.14275,142.75,torch-sim-0.6.1+pet-torchscript-force-only,/home/mjgawkowski/Finite-Temperature-MLIP-Benchmark/paper_v2_configs/data/mlip-trajs-torchsim-accelerated/pentacene_295K_Sharma_S/md_timing_pet-omat-xl-force-only-torchscript.csv
pet-omat-xl-force-only-torchscript,PET-OMAT-XL,Accelerated,picene_295K_Sharma_S,295.0,14151,2030.4,0.143481,143.481,torch-sim-0.6.1+pet-torchscript-force-only,/home/mjgawkowski/Finite-Temperature-MLIP-Benchmark/paper_v2_configs/data/mlip-trajs-torchsim-accelerated/picene_295K_Sharma_S/md_timing_pet-omat-xl-force-only-torchscript.csv
pet-omat-xl-force-only-torchscript,PET-OMAT-XL,Accelerated,tetracene_295K_Sharma_S,295.0,16000,1913.95,0.119622,119.622,torch-sim-0.6.1+pet-torchscript-force-only,/home/mjgawkowski/Finite-Temperature-MLIP-Benchmark/paper_v2_configs/data/mlip-trajs-torchsim-accelerated/tetracene_295K_Sharma_S/md_timing_pet-omat-xl-force-only-torchscript.csv
uma-m-omat-compile-force-only,uma-m-omat-compile,Accelerated,CsSnI3_500K_Ivor_VASP,500.0,14758,1837.67,0.12452,124.52000000000001,torch-sim-0.6.1+compile,/home/mjgawkowski/Finite-Temperature-MLIP-Benchmark/paper_v2_configs/data/mlip-trajs-torchsim-accelerated/CsSnI3_500K_Ivor_VASP/md_timing_uma-m-omat-compile-force-only.csv
uma-m-omat-compile-force-only,uma-m-omat-compile,Accelerated,MAPbBr3_300K_Ivor_VASP,300.0,60000,12645.55,0.210759,210.75900000000001,torch-sim-0.6.1+compile,/home/mjgawkowski/Finite-Temperature-MLIP-Benchmark/paper_v2_configs/data/mlip-trajs-torchsim-accelerated/MAPbBr3_300K_Ivor_VASP/md_timing_uma-m-omat-compile-force-only.csv
uma-m-omat-compile-force-only,uma-m-omat-compile,Accelerated,Pt111w24H2O_380K_Heenen_VASP,380.0,3843,1039.0,0.270361,270.361,torch-sim-0.6.1+compile,/home/mjgawkowski/Finite-Temperature-MLIP-Benchmark/paper_v2_configs/data/mlip-trajs-torchsim-accelerated/Pt111w24H2O_380K_Heenen_VASP/md_timing_uma-m-omat-compile-force-only.csv
uma-m-omat-compile-force-only,uma-m-omat-compile,Accelerated,TiSe2_400K_Ivor_VASP,400.0,14716,2262.27,0.153729,153.729,torch-sim-0.6.1+compile,/home/mjgawkowski/Finite-Temperature-MLIP-Benchmark/paper_v2_configs/data/mlip-trajs-torchsim-accelerated/TiSe2_400K_Ivor_VASP/md_timing_uma-m-omat-compile-force-only.csv
uma-m-omat-compile-force-only,uma-m-omat-compile,Accelerated,anthracene_293K_Sharma_S,293.0,16000,3342.91,0.208932,208.93200000000002,torch-sim-0.6.1+compile,/home/mjgawkowski/Finite-Temperature-MLIP-Benchmark/paper_v2_configs/data/mlip-trajs-torchsim-accelerated/anthracene_293K_Sharma_S/md_timing_uma-m-omat-compile-force-only.csv
uma-m-omat-compile-force-only,uma-m-omat-compile,Accelerated,bulkAg_600K_Kapil,600.0,24881,6495.94,0.26108,261.08,torch-sim-0.6.1+compile,/home/mjgawkowski/Finite-Temperature-MLIP-Benchmark/paper_v2_configs/data/mlip-trajs-torchsim-accelerated/bulkAg_600K_Kapil/md_timing_uma-m-omat-compile-force-only.csv
uma-m-omat-compile-force-only,uma-m-omat-compile,Accelerated,bulkAu_1500K_Kapil,1500.0,20162,8541.96,0.423666,423.666,torch-sim-0.6.1+compile,/home/mjgawkowski/Finite-Temperature-MLIP-Benchmark/paper_v2_configs/data/mlip-trajs-torchsim-accelerated/bulkAu_1500K_Kapil/md_timing_uma-m-omat-compile-force-only.csv
uma-m-omat-compile-force-only,uma-m-omat-compile,Accelerated,bulkCuAu_500K-Artrith_VASP,500.0,1105,385.03,0.348442,348.44199999999995,torch-sim-0.6.1+compile,/home/mjgawkowski/Finite-Temperature-MLIP-Benchmark/paper_v2_configs/data/mlip-trajs-torchsim-accelerated/bulkCuAu_500K-Artrith_VASP/md_timing_uma-m-omat-compile-force-only.csv
uma-m-omat-compile-force-only,uma-m-omat-compile,Accelerated,bulkCuZrAl_1500K_A.Wadowski-J.Schmidt_VASP,1500.0,2718,1053.35,0.387545,387.54499999999996,torch-sim-0.6.1+compile,/home/mjgawkowski/Finite-Temperature-MLIP-Benchmark/paper_v2_configs/data/mlip-trajs-torchsim-accelerated/bulkCuZrAl_1500K_A.Wadowski-J.Schmidt_VASP/md_timing_uma-m-omat-compile-force-only.csv
uma-m-omat-compile-force-only,uma-m-omat-compile,Accelerated,bulkCu_1000K_Kapil,1000.0,36007,12676.54,0.352058,352.058,torch-sim-0.6.1+compile,/home/mjgawkowski/Finite-Temperature-MLIP-Benchmark/paper_v2_configs/data/mlip-trajs-torchsim-accelerated/bulkCu_1000K_Kapil/md_timing_uma-m-omat-compile-force-only.csv
uma-m-omat-compile-force-only,uma-m-omat-compile,Accelerated,bulkLiMgAlZnSn_600K_J_Schmidt_VASP,600.0,3015,2775.11,0.920435,920.4350000000001,torch-sim-0.6.1+compile,/home/mjgawkowski/Finite-Temperature-MLIP-Benchmark/paper_v2_configs/data/mlip-trajs-torchsim-accelerated/bulkLiMgAlZnSn_600K_J_Schmidt_VASP/md_timing_uma-m-omat-compile-force-only.csv
uma-m-omat-compile-force-only,uma-m-omat-compile,Accelerated,bulkLiMgAlZnSn_900K_J_Schmidt_VASP,900.0,2181,1997.41,0.915824,915.824,torch-sim-0.6.1+compile,/home/mjgawkowski/Finite-Temperature-MLIP-Benchmark/paper_v2_configs/data/mlip-trajs-torchsim-accelerated/bulkLiMgAlZnSn_900K_J_Schmidt_VASP/md_timing_uma-m-omat-compile-force-only.csv
uma-m-omat-compile-force-only,uma-m-omat-compile,Accelerated,bulkMoS2_300K_NO-VdW_J.Kioseoglou_VASP,300.0,20000,4501.48,0.225074,225.07399999999998,torch-sim-0.6.1+compile,/home/mjgawkowski/Finite-Temperature-MLIP-Benchmark/paper_v2_configs/data/mlip-trajs-torchsim-accelerated/bulkMoS2_300K_NO-VdW_J.Kioseoglou_VASP/md_timing_uma-m-omat-compile-force-only.csv
uma-m-omat-compile-force-only,uma-m-omat-compile,Accelerated,bulkPt3Co_300K_J.Kioseoglou_VASP,300.0,20927,6272.61,0.299737,299.73699999999997,torch-sim-0.6.1+compile,/home/mjgawkowski/Finite-Temperature-MLIP-Benchmark/paper_v2_configs/data/mlip-trajs-torchsim-accelerated/bulkPt3Co_300K_J.Kioseoglou_VASP/md_timing_uma-m-omat-compile-force-only.csv
uma-m-omat-compile-force-only,uma-m-omat-compile,Accelerated,naphthalene_295K_Sharma_S,295.0,7557,4165.85,0.551257,551.257,torch-sim-0.6.1+compile,/home/mjgawkowski/Finite-Temperature-MLIP-Benchmark/paper_v2_configs/data/mlip-trajs-torchsim-accelerated/naphthalene_295K_Sharma_S/md_timing_uma-m-omat-compile-force-only.csv
uma-m-omat-compile-force-only,uma-m-omat-compile,Accelerated,pentacene_295K_Sharma_S,295.0,15579,4622.81,0.296734,296.734,torch-sim-0.6.1+compile,/home/mjgawkowski/Finite-Temperature-MLIP-Benchmark/paper_v2_configs/data/mlip-trajs-torchsim-accelerated/pentacene_295K_Sharma_S/md_timing_uma-m-omat-compile-force-only.csv
uma-m-omat-compile-force-only,uma-m-omat-compile,Accelerated,picene_295K_Sharma_S,295.0,14151,4206.71,0.297273,297.273,torch-sim-0.6.1+compile,/home/mjgawkowski/Finite-Temperature-MLIP-Benchmark/paper_v2_configs/data/mlip-trajs-torchsim-accelerated/picene_295K_Sharma_S/md_timing_uma-m-omat-compile-force-only.csv
uma-m-omat-compile-force-only,uma-m-omat-compile,Accelerated,tetracene_295K_Sharma_S,295.0,16000,4052.38,0.253274,253.274,torch-sim-0.6.1+compile,/home/mjgawkowski/Finite-Temperature-MLIP-Benchmark/paper_v2_configs/data/mlip-trajs-torchsim-accelerated/tetracene_295K_Sharma_S/md_timing_uma-m-omat-compile-force-only.csv
uma-m-omat-turbo-force-only,uma-m-omat-turbo,Accelerated,CsSnI3_500K_Ivor_VASP,500.0,14758,1565.52,0.106079,106.07900000000001,torch-sim-0.6.1+turbo,/home/mjgawkowski/Finite-Temperature-MLIP-Benchmark/paper_v2_configs/data/mlip-trajs-torchsim-accelerated/CsSnI3_500K_Ivor_VASP/md_timing_uma-m-omat-turbo-force-only.csv
uma-m-omat-turbo-force-only,uma-m-omat-turbo,Accelerated,MAPbBr3_300K_Ivor_VASP,300.0,60000,9664.13,0.161069,161.069,torch-sim-0.6.1+turbo,/home/mjgawkowski/Finite-Temperature-MLIP-Benchmark/paper_v2_configs/data/mlip-trajs-torchsim-accelerated/MAPbBr3_300K_Ivor_VASP/md_timing_uma-m-omat-turbo-force-only.csv
uma-m-omat-turbo-force-only,uma-m-omat-turbo,Accelerated,anthracene_293K_Sharma_S,293.0,16000,1521.08,0.095067,95.067,torch-sim-0.6.1+turbo,/home/mjgawkowski/Finite-Temperature-MLIP-Benchmark/paper_v2_configs/data/mlip-trajs-torchsim-accelerated/anthracene_293K_Sharma_S/md_timing_uma-m-omat-turbo-force-only.csv
uma-m-omat-turbo-force-only,uma-m-omat-turbo,Accelerated,bulkAg_600K_Kapil,600.0,24881,4895.05,0.196738,196.738,torch-sim-0.6.1+turbo,/home/mjgawkowski/Finite-Temperature-MLIP-Benchmark/paper_v2_configs/data/mlip-trajs-torchsim-accelerated/bulkAg_600K_Kapil/md_timing_uma-m-omat-turbo-force-only.csv
uma-m-omat-turbo-force-only,uma-m-omat-turbo,Accelerated,bulkAu_1500K_Kapil,1500.0,20162,6130.58,0.304066,304.06600000000003,torch-sim-0.6.1+turbo,/home/mjgawkowski/Finite-Temperature-MLIP-Benchmark/paper_v2_configs/data/mlip-trajs-torchsim-accelerated/bulkAu_1500K_Kapil/md_timing_uma-m-omat-turbo-force-only.csv
uma-m-omat-turbo-force-only,uma-m-omat-turbo,Accelerated,bulkCuAu_500K-Artrith_VASP,500.0,1105,279.02,0.25251,252.51000000000002,torch-sim-0.6.1+turbo,/home/mjgawkowski/Finite-Temperature-MLIP-Benchmark/paper_v2_configs/data/mlip-trajs-torchsim-accelerated/bulkCuAu_500K-Artrith_VASP/md_timing_uma-m-omat-turbo-force-only.csv
uma-m-omat-turbo-force-only,uma-m-omat-turbo,Accelerated,bulkCuZrAl_1500K_A.Wadowski-J.Schmidt_VASP,1500.0,2718,750.44,0.276099,276.099,torch-sim-0.6.1+turbo,/home/mjgawkowski/Finite-Temperature-MLIP-Benchmark/paper_v2_configs/data/mlip-trajs-torchsim-accelerated/bulkCuZrAl_1500K_A.Wadowski-J.Schmidt_VASP/md_timing_uma-m-omat-turbo-force-only.csv
uma-m-omat-turbo-force-only,uma-m-omat-turbo,Accelerated,bulkCu_1000K_Kapil,1000.0,36007,9184.0,0.255062,255.062,torch-sim-0.6.1+turbo,/home/mjgawkowski/Finite-Temperature-MLIP-Benchmark/paper_v2_configs/data/mlip-trajs-torchsim-accelerated/bulkCu_1000K_Kapil/md_timing_uma-m-omat-turbo-force-only.csv
uma-m-omat-turbo-force-only,uma-m-omat-turbo,Accelerated,bulkLiMgAlZnSn_600K_J_Schmidt_VASP,600.0,3015,1937.27,0.642545,642.5450000000001,torch-sim-0.6.1+turbo,/home/mjgawkowski/Finite-Temperature-MLIP-Benchmark/paper_v2_configs/data/mlip-trajs-torchsim-accelerated/bulkLiMgAlZnSn_600K_J_Schmidt_VASP/md_timing_uma-m-omat-turbo-force-only.csv
uma-m-omat-turbo-force-only,uma-m-omat-turbo,Accelerated,bulkLiMgAlZnSn_900K_J_Schmidt_VASP,900.0,2181,1394.57,0.639419,639.419,torch-sim-0.6.1+turbo,/home/mjgawkowski/Finite-Temperature-MLIP-Benchmark/paper_v2_configs/data/mlip-trajs-torchsim-accelerated/bulkLiMgAlZnSn_900K_J_Schmidt_VASP/md_timing_uma-m-omat-turbo-force-only.csv
uma-m-omat-turbo-force-only,uma-m-omat-turbo,Accelerated,bulkMoS2_300K_NO-VdW_J.Kioseoglou_VASP,300.0,20000,3409.74,0.170487,170.487,torch-sim-0.6.1+turbo,/home/mjgawkowski/Finite-Temperature-MLIP-Benchmark/paper_v2_configs/data/mlip-trajs-torchsim-accelerated/bulkMoS2_300K_NO-VdW_J.Kioseoglou_VASP/md_timing_uma-m-omat-turbo-force-only.csv
uma-m-omat-turbo-force-only,uma-m-omat-turbo,Accelerated,bulkPt3Co_300K_J.Kioseoglou_VASP,300.0,20927,4611.64,0.220368,220.368,torch-sim-0.6.1+turbo,/home/mjgawkowski/Finite-Temperature-MLIP-Benchmark/paper_v2_configs/data/mlip-trajs-torchsim-accelerated/bulkPt3Co_300K_J.Kioseoglou_VASP/md_timing_uma-m-omat-turbo-force-only.csv
uma-m-omat-turbo-force-only,uma-m-omat-turbo,Accelerated,naphthalene_295K_Sharma_S,295.0,7557,1834.85,0.242801,242.801,torch-sim-0.6.1+turbo,/home/mjgawkowski/Finite-Temperature-MLIP-Benchmark/paper_v2_configs/data/mlip-trajs-torchsim-accelerated/naphthalene_295K_Sharma_S/md_timing_uma-m-omat-turbo-force-only.csv
uma-m-omat-turbo-force-only,uma-m-omat-turbo,Accelerated,pentacene_295K_Sharma_S,295.0,15579,3408.81,0.218808,218.808,torch-sim-0.6.1+turbo,/home/mjgawkowski/Finite-Temperature-MLIP-Benchmark/paper_v2_configs/data/mlip-trajs-torchsim-accelerated/pentacene_295K_Sharma_S/md_timing_uma-m-omat-turbo-force-only.csv
